:030000000295174F
:0C951700787FE4F6D8FD75815902955E5E
:02009900610004
:10A39D001200A612A48612A18A7BFF7A0079991267
:10A3AD006BC512A4D1E51A640170F7F51A12A669EE
:08A3BD0012A7EA12962F80EAB4
:08A805008F993099FDC29922E0
:10A6B100C285C286C287C2E8D284D2C5D2FDD2B3D6
:01A6C1002276
:10A6C200D285D286D287D2E8C284C2C5C2FDC2B3C5
:01A6D2002265
:109F400012A6B1EF1313543FFE9005EEF0EF540349
:109F5000A3F0EE14600E14600F1460102403700E52
:109F6000D285800AD2868006D2878002D2E8900508
:109F7000EFE014600D14600D14600D2403700BC22B
:0A9F80008422C2C522C2FD22C2B332
:019F8A0022B4
:1000A60043BA8012A3C512A67B12A6B11290EA1219
:1000B600A643127F0912A43A12A53512A5B2129DC3
:0D00C6009912A2D412A3EC12A69F02A61854
:10A66900127B4C129041129CE112984612A4AC0242
:02A67900A4F447
:10A67B0075D3FB75D2F253D10F43AF40D2AF43D159
:02A68B0080222B
:0300A30002009EBA
:04009E00751A01329C
:10A3C5007594E0E4F593F592F591F596F595F5B26A
:10A3D500F5B1F5B4F5B3F5CAF5C975CC81F5CB750D
:07A3E500E210F5E1D2EF22C6
:10A51500138813881388138813881388138813885E
:10A52500138813881388138813881388138813884E
:1090EA0090FB4074FFF0A3F0A37473F0A37402F032
:1090FA0090FB48E4F090FB4574A3F043AF80D2AFF5
:10910A00E49005ECF09005ECE0FFC39410748094B1
:10911A00805060EF25E02415F582E434A5F583E458
:10912A0093FC740193FDEF25E02421F582E43405D4
:10913A00F583ECF0A3EDF09005ECE0FF2441F58215
:10914A00E43405F583E4F074512FF582E43405F52F
:10915A0083E4F074612FF582E43405F583E4F07456
:10916A00712FF582E43405F583E4F09005ECE00410
:10917A00F08092E49004DEF09004DDF09004DFF0D9
:04918A00A37414F0C6
:01918E0022BE
:107B4C009004DFE07003027D42E4F09004DDE0700D
:107B5C0003029E49E49005ECF09005ECE0FFC39421
:107B6C0010748094804003027D42EF25E02401F5DF
:107B7C0082E43405F583E0FCA3E0FDEF25E024E18D
:107B8C00F582E43404F583E0FEA3E0FFD39DEE9C84
:107B9C0040699005ECE0FD2451F582E43405F58351
:107BAC00E4F074412DF582E43405F583E0C39414BC
:107BBC00748094809005ECE0500E2441F582E434FE
:107BCC0005F583E004F0801225E02401F582E4340D
:107BDC0005F583E475F0011266019005ECE0FD24D7
:107BEC0061F582E43405F583E0D3940074809480CD
:107BFC00400674612D027D1E027D2A9005ECE0FD8D
:107C0C0025E02421F582E43405F583E0FAA3E0FBBA
:107C1C00ED25E02401F582E43405F583E0FCA3E0D6
:107C2C00C39BFDEC9AFCC3EF9DEE9C50539005EC6E
:107C3C00E0FF2441F582E43405F583E4F074512F20
:107C4C00F582E43405F583E4F074612FF582E434B5
:107C5C0005F583E004F074612FF582E43405F583B7
:107C6C00E0D39401748094805003027D399005EC2C
:107C7C00E02471F582E43405F5837401F0027D395A
:107C8C009005ECE0FF2441F582E43405F583E4F043
:107C9C0074512FF582E43405F583E0C39464748049
:107CAC00948050129005ECE02451F582E43405F5F3
:107CBC0083E004F080419005ECE0FF25E02401F521
:107CCC0082E43405F583E0FCA3E0FDEF25E024E13C
:107CDC00F582E43404F583E0FEA3E0C39DEE9C50F2
:107CEC00169005ECE025E02401F582E43405F583DB
:107CFC0074FFF5F01266019005ECE0FF2461F5824B
:107D0C00E43405F583E0D3940074809480400F74C0
:107D1C00612FF582E43405F583E014F0800F9005B3
:107D2C00ECE02471F582E43405F583E4F09005EC85
:067D3C00E004F0027B658B
:017D4200221E
:109E49009004DDE070509004E0E0FF9004DEE0D380
:109E59009F40439004DD7401F0E49005EDF0900516
:109E6900EDE0FFC3941074809480502AEF25E0241C
:109E7900E1F582E43404F583E0FCA3E0FDEF25E09D
:109E89002401F582E43405F583ECF0A3EDF09005A7
:069E9900EDE004F080C8BA
:019E9F0022A0
:10A6300074712FF582E43405F583E060037F012215
:03A640007F002276
:03011B00029366E6
:10936600C0E0C083C082C0D075D000C002C003C0B8
:0793760004C005C006C0079A
:10937D0090FB47E0FF90060BE4F0A3EFF090060B97
:10938D00A3E0FF30E60790FB47E04440F0EF30E705
:10939D004690FB47E04480F0E490060BF0A3E054C8
:1093AD000FF090FB49E0FCA3E0FD90060BE0FAA363
:1093BD00E0FB25E0FFEA33FE74E12FF58274043EF5
:1093CD00F583ECF0A3EDF0EB640F4A700A9004DE28
:0793DD00E004F0A37401F0AD
:1093E400D007D006D005D004D003D002D0D0D0828C
:0593F400D083D0E0323F
:10A64300D2C453A2F343A20875CED075CDC0C2C302
:03A65300D2C2224E
:0BA7AE00EF64017003D2FC22C2FC2209
:107F0900C2FBD2FBE4FF12A7AE7F1112A80D7FB10D
:107F190012A80D7F0512A6F47F3C12A6F47F3C122D
:107F2900A6F47FB212A80D7F0512A6F47F3C12A613
:107F3900F47F3C12A6F47FB312A80D7F0512A6F4B4
:107F49007F3C12A6F47F3C12A6F47F0512A6F47FAB
:107F59003C12A6F47F3C12A6F47FB412A80D7F034D
:107F690012A6F47FC012A80D7F2812A6F47F08126A
:107F7900A6F47F0412A6F47FC112A80D7FC012A631
:107F8900F47FC212A80D7F0D12A6F4E4FF12A6F425
:107F99007FC312A80D7F8D12A6F47F2A12A6F47F43
:107FA900C412A80D7F8D12A6F47FEE12A6F47FC528
:107FB90012A80D7F1A12A6F47F3612A80D7F70122F
:107FC900A6F47FE012A80D7F0412A6F47F2212A660
:107FD900F47F0712A6F47F0A12A6F47F2E12A6F4E4
:107FE9007F3012A6F47F2512A6F47F2A12A6F47F09
:107FF9002812A6F47F2612A6F47F2E12A6F47F3A41
:1080090012A6F4E4FF12A6F47F0112A6F47F03126C
:10801900A6F47F1312A6F47FE112A80D7F0412A61D
:10802900F47F1612A6F47F0612A6F47F0D12A6F4A9
:108039007F2D12A6F47F2612A6F47F2312A6F47FC1
:108049002712A6F47F2712A6F47F2512A6F47F2D06
:1080590012A6F47F3B12A6F4E4FF12A6F47F0112E4
:10806900A6F47F0412A6F47F1312A6F47F3A12A88D
:0B8079000D7F0512A6F47F2902A80D60
:0FA6F400C2C48FCFE5CD30E7FB75CDC0D2C422F5
:0EA75D00AD07AC06AF0412A6F4AF0502A6F4D9
:08A80D00C2C212A6F4D2C2225D
:06A30A00C2F9C2EDD2F918
:10A31000E49005F1F09005F1E0C394087480948016
:10A32000501AC2EDEF30E004D2EC8002C2ECEFC371
:0CA3300013FFD2ED9005F1E004F080D99D
:01A33C0022FE
:10A57500E4FFFEEEC39408748094805011C2EDEFA1
:0EA58500C313FF30EC03430780D2ED0E80E5D8
:01A5930022A5
:0FA70300AE0512A30AAF0612A310C2EDC2F922CF
:0AA7B90012A30A12A575C2EDC2F941
:01A7C3002273
:109BBE0043B50443B60490FEB2E054FCF0E0440119
:109BCE00F090FECCE054FAF090FEC8E04468F090BD
:109BDE00FECCE04405F090FEB1E04403F090FEC0F0
:109BEE00E04480F090FED0E4F0A3F0A3749CF0A3C8
:109BFE007440F090FED57427F0A37410F090FEDD43
:109C0E00E04480F0A3740CF090FEC4E04401F0D266
:029C1E00AF2273
:10A43A00129BBEC2F8E490068DF0A3F0A37496F0C6
:10A44A00A3749CF0A37440F0A37409F0A374C4F03D
:06A45A00E4A3F0A3F022D0
:109C2000EF14600E24FE603624037055E490068D18
:109C3000F02290068D7401F0A3E4F0A37496F0A3D3
:109C4000E0FCA3E0FDEC90FED2F0A3EDF0900692D4
:109C5000E0FCA3E0FDEC90FED5F0A3ED80199006AA
:109C60008D7403F090FED274C3F0A37450F090FE94
:109C7000D5740CF0A37435F0D2F890FEC0E0440126
:029C8000F022D0
:0300D300028EDDBD
:108EDD00C0E0C083C082C0D075D000C006C007906E
:108EED00FEC5E020E003028F86E054FEF090068D73
:108EFD00E024FD602124026003028F8690068EE03F
:108F0D007002A3E0606590068FE024FFF090068E5E
:108F1D00E034FFF08063900695E004F07006900653
:108F2D0094E004F0900694E0FEA3E0FF64F4700377
:108F3D00EE64017026C2F890FEC0E054FEF090FE83
:108F4D00D274F0F0A37462F090FED5740FF0A37498
:108F5D0006F0D2F890FEC0E04401F0D3EF94E8EEB5
:108F6D0094034015900694E4F0A3F0C2F890FEC06F
:108F7D00E054FEF090068DE4F0D007D006D0D0D0AE
:068F8D0082D083D0E03227
:089A900041062E0041062F00E3
:10A5350012A68D12A36FD2A2E4900641F0A3F0A358
:10A54500F0A3F090063DF0A3F0A3F0A3F002A5E878
:10A68D005389F0758CFF758A60438E80438F01D29C
:02A69D008C220D
:10A36F0090FEEDE4F090FEEA04F0A304F090FEED11
:10A37F00E04431F090FEF0E4F0A37427F090FEE497
:0EA38F00E04418F090FEE0E04401F0D2AF226E
:10A5E800E4900630F0A3F0A3F0A3F0FE7F04FD7B17
:08A5F800017A0679390267853A
:02848B008F223E
:10848D00EFF470030285BC900630E014603D04608B
:10849D00030285D5E5226401702B900631E004F0CE
:1084AD00E0C394097480948050030285D590063002
:1084BD007401F0E4900632F0FE7F05FD7B017A0633
:1084CD007934026785E4900631F022900632E0FFA0
:1084DD0075F00584FE90062EF0EF75F00584A3E58A
:1084ED00F0F0EEC3940A74809480400302857CE022
:1084FD00FFC3940474809480505C90062EE025E0B8
:10850D0025E0FEEF2E9005ECF0E5226401702FE0E2
:10851D00FF131313541F2434F582E43406F583C07E
:10852D0083C082E0FEEF5407FFC374079FFFF8740A
:10853D0001088002C333D8FC4ED082D083F0900660
:10854D0033E02522F090062FE02439F582E434063D
:10855D00F583E02522F090062FE06404701190065B
:10856D0033E05401652260028045E4900633F090BB
:10857D00062EE0640A703BA3E0FFC394047480945C
:10858D0080501374392FF582E43406F583E05401DD
:10859D0065226002801990062FE064047014FE7F3E
:1085AD0004FD7B017A067939126785E522600302A5
:1085BD00A5E8900632E004F0E0C39437748094800F
:0885CD0040069006307402F034
:0185D5002283
:10918F00AB07AA0690063DE0701FC3EB94B3EA94B9
:10919F00014011D3EB944CEA940250087401F0E4AF
:1091AF00A3F080057E007FFE22C3EB94BAEA940001
:1091BF004009D3EB944CEA94024009E490063DF049
:1091CF00FE7FFF22D3EB94B3EA94014013EB944C50
:1091DF00EA9402500BED7E0060037F01227F002294
:1091EF00C3EB94BAEA94004030D3EB9446EA94016F
:1091FF00502790063EE004F0E05401FB7A00640132
:10920F007004FE7FFE22EB4A701690063EF0ED7E54
:10921F000060037F01227F0022E490063DF0A3F05F
:05922F007E007FFF221C
:10A4D10090063FE0FEA3E0FF64014E6009EF4E608D
:10A4E10005EFF44E700C12848B90063FE4F0A374D8
:03A4F100FEF02258
:10000300900630E0640270359005ECF09005ECE06A
:10001300FFC3940574809480501D74342FF582E4DB
:100023003406F583E0126578740129F9E43AFA900D
:0F00330005ECE004F080D512A5E87F01227F00E4
:01004200229B
:0300DB0002882D6B
:10882D00C0E0C083C082C0D075D000C002C003C0FC
:07883D0004C005C006C007DE
:1088440090FEE5E030E362E054F7F090FEF9E0FFDB
:10885400A3E0900643CFF0A3EFF0900641E0FEA31F
:10886400E0FFA3E0FCA3E0FDC39FEC9E400280096F
:10887400900641E0FEA3E0FFC3ED9FFFEC9E90064F
:108884000DF0A3EFF0900643E0FFA3E0900641CF84
:10889400F0A3EFF090060DE0FEA3E0FF7D0112913E
:1088A4008F90063FEEF0A3EFF090FEE5E030E46237
:1088B400E054EFF090FEFBE0FFA3E0900643CFF01E
:1088C400A3EFF0900641E0FEA3E0FFA3E0FCA3E0E9
:1088D400FDC39FEC9E40028009900641E0FEA3E0A8
:1088E400FFC3ED9FFFEC9E90060DF0A3EFF0900602
:1088F40043E0FFA3E0900641CFF0A3EFF090060D14
:10890400E0FEA3E0FFE4FD12918F90063FEEF0A39A
:02891400EFF082
:10891600D007D006D005D004D003D002D0D0D08264
:05892600D083D0E03217
:10A5B20053A20F53983F439850538EFE53890F7501
:0BA5C2008DFF758BAA438E40D28E22C5
:08A815008F993099FDC29922D0
:10A65600126532FF600C12A815740129F9E43AFA62
:03A6660080EE2261
:10794C000000C0C1C1810140C30103C00280C2411B
:10795C00C60106C00780C7410500C5C1C4810440EB
:10796C00CC010CC00D80CD410F00CFC1CE810E409B
:10797C000A00CAC1CB810B40C90109C00880C841AB
:10798C00D80118C01980D9411B00DBC1DA811A401B
:10799C001E00DEC1DF811F40DD011DC01C80DC41EB
:1079AC001400D4C1D5811540D70117C01680D6411B
:1079BC00D20112C01380D3411100D1C1D08110402B
:1079CC00F00130C03180F1413300F3C1F28132401B
:1079DC003600F6C1F7813740F50135C03480F441EB
:1079EC003C00FCC1FD813D40FF013FC03E80FE419B
:1079FC00FA013AC03B80FB413900F9C1F8813840AB
:107A0C002800E8C1E9812940EB012BC02A80EA411A
:107A1C00EE012EC02F80EF412D00EDC1EC812C40EA
:107A2C00E40124C02580E5412700E7C1E68126401A
:107A3C002200E2C1E3812340E10121C02080E0412A
:107A4C00A00160C06180A1416300A3C1A28162401A
:107A5C006600A6C1A7816740A50165C06480A441EA
:107A6C006C00ACC1AD816D40AF016FC06E80AE419A
:107A7C00AA016AC06B80AB416900A9C1A8816840AA
:107A8C007800B8C1B9817940BB017BC07A80BA411A
:107A9C00BE017EC07F80BF417D00BDC1BC817C40EA
:107AAC00B40174C07580B5417700B7C1B68176401A
:107ABC007200B2C1B3817340B10171C07080B0412A
:107ACC00500090C191815140930153C0528092411A
:107ADC00960156C057809741550095C194815440EA
:107AEC009C015CC05D809D415F009FC19E815E409A
:107AFC005A009AC19B815B40990159C058809841AA
:107B0C00880148C0498089414B008BC18A814A4019
:107B1C004E008EC18F814F408D014DC04C808C41E9
:107B2C00440084C185814540870147C04680864119
:107B3C00820142C043808341410081C18081404029
:10A6000075D7AA75D6FF538EE3438E1443BA014320
:08A610009A1043AF01C2B2220F
:0FA712007E007F087D007B017A0679190267853A
:0FA721007E007F0D7D007B017A0679210267851E
:109D99009005ECE4F0A374FDF0A374FFF012A600A3
:109DA9009005ECE0FBA3E0FAA3E0F9126617FFAE19
:109DB900F0900610EEF0A3EFF0C39401EE9400408A
:109DC9000CD3E094F7900610E09400400890061038
:109DD900E4F0A304F0E4900612F0A3F0A3F0A3F0DA
:089DE900A3F012A71202A7214A
:0A9FD6008B278A2889298C2A8D2BFD
:109FE00074FFFFFEE52B152BAC2A7002152A4C607E
:109FF0002EAB270529E529AA287002052814F91295
:10A0000065326FFDEEFF75F002EDA4244CF582E59C
:0FA01000F03479F583E493FE740193620780C501
:01A01F00221E
:10904100E49005ECF0A3F0900612E0FEA3E0FF4EE1
:1090510060030290E9EF4E701B900617E0601590D7
:109061000612E4F0A304F0D2B2900621E0F59BE4ED
:10907100900618F0900615E0606E04F0E0D39404B9
:10908100748094804062E4F0900614E064017058AA
:10909100F0900619E0FF900610E07003A3E06F70F6
:1090A1004790061AE06404703FA3E0703BA3E070B0
:1090B10037A3E07033A3E06404702D7B017A067955
:1090C100197D06FC129FD69005ECEEF0A3EFF0900F
:1090D10005ECE0FEA3E0FDEEFF90061FE0B50508FC
:0890E100A3E0B5070312A81D6E
:0190E9002264
:07A81D00900617740DF022F4
:10948A00E4F526AF26052674212FF582E43406F585
:10949A00837401F0AF26052674212FF582E4340681
:1094AA00F5837404F0AF26052674212FF582E4347F
:1094BA0006F583EDF0E4FFEFC39D501E126532FE00
:1094CA00AC26052674212CF582E43406F583EEF0E9
:1094DA00740129F9E43AFA0F80DD7B017A067921D1
:1094EA00E526FD7C00129FD6AD07AC260526742121
:1094FA002CF582E43406F583EDF0AF06AE26052698
:0C950A0074212EF582E43406F583EFF0A6
:019516002232
:03004300029742DF
:10974200C0E0C083C082C0D075D000C006C007E5AB
:109752009A30E131539AFD900618E004F090061712
:10976200E0FFA3E0FEC39F400FC2B2900617E4F0F1
:10977200900612F0A3F0800D74212EF582E43406D7
:10978200F583E0F59BE59A30E02B539AFE9006169E
:10979200E0FF04F074192FF582E43406F583E59BAB
:1097A200F0900616E064087006F090061404F0903B
:1097B20006157401F0D007D006D0D0D082D083D065
:0297C200E03293
:0FA7300053D1F090FEA3E4F053D1F753AFDF22E3
:10A2D40012A730E490066AF0A3F0A3F0A3F0A3F071
:10A2E400A3F0FE7F03FD7B017A067970126785E493
:10A2F400900673F0FE7F05FD7B017A067974126780
:06A3040085C2E9C2EA2255
:1092D200126532900670F090000112654B90067193
:1092E200F090000212654B900672F0900671E05405
:1092F200F0FF9005F1F0900670E06F9005F1F0E05C
:10930200FFC4540FFEEF6EF0E0FF1313543FFEEF65
:109312006EF0E0FFC313FEEF6EF020E0047F0180E9
:10932200027F0090066FEFF0900671E0540FFF90FD
:1093320005F1F0900672E06F9005F1F0E0FFC45481
:109342000FFEEF6EF0E0FF1313543FFEEF6EF0E0FE
:10935200FFC313FEEF6EF05401900673F090066A9D
:039362007401F0A3
:0193650022E5
:10A46000EFFB7A00700F75D4FD75D566ED6004D2F0
:10A47000EA8002D2E9EB64014A700A75D4E575D529
:06A48000F6C2E9C2EA2267
:109CE10090066BE07002A3E0602290066CE004F045
:109CF100700690066BE004F0C390066CE0942C9023
:109D0100066BE094014034E4F0A3F02290066AE08F
:109D1100602990066FE060057D01E48002E4FDFFAB
:109D210012A46090066D7401F090066BE4F0A30438
:0C9D3100F090066EF043D10843AF2022F2
:03009B00028CA72D
:108CA700C0E0C083C082C0D075D000C000C002C081
:108CB70003C005C006C00790066DE06401701DF093
:108CC700FD7F0112A460A3E0C3941A7480948040CE
:108CD7000B90066AE4F053D1F753AFDF90066DE0CF
:028CE700706DAE
:108CE90004F0A3E0FDFB7A0024FFFFEA34FFFEEF66
:108CF9007803CEC313CE13D8F9F557ED145407F5FD
:108D09005874702557F582E43406F583E0F559C3A4
:108D1900EB9419EA64809480501BAF58A807E55971
:108D2900088002C333D8FC30E7057D01E48002E402
:108D3900FDFF12A46090066EE06419700A90067334
:0D8D4900E0FDE4FF12A46090066EE004F06F
:108D5600D007D006D005D003D002D000D0D0D08224
:058D6600D083D0E032D3
:06A824002057473A200016
:049A98004106820001
:10A5940053923F53913F90FD21E0543FF090FD31A1
:0EA5A400E0543FF090FD01E044C0F0D2AF2241
:10A3EC0012A594E4900680F0900679126742000062
:10A3FC0000007E007F037D007B017A06797D126769
:07A40C0085E4900681F022B7
:049AF500E0FBE4FDB1
:029AF900AC07B8
:109AFB00EBC4540F9005F5F0D39409748094804017
:109B0B0005E0243780069005F5E024309005F1F050
:109B1B00EB540F9005F4F0D39409748094804005B6
:109B2B00E0243780069005F4E024309005F2F0E451
:109B3B009005F3F0AF047B017A0579F174FFF535ED
:0F9B4B00F536E4F537F53875390CF53A02A0FC1C
:10984600900681E0607404F0E0C3940A748094800A
:109856004068900680E0641A7060900679E0FCA388
:10986600E0FDA3E0FEA3E0FF7811126710A3EFF07E
:10987600900679E0FCA3E0FDA3E0FEA3E0FF7809F3
:1098860012671090067EEFF0900679E0FCA3E0FDEB
:10989600A3E0FEA3E0FF780112671090067FEFF0C9
:1098A6009006827401F0E4900680F09006791267C3
:0B98B6004200000000E4900681F02258
:10A21400900682E0603AE4F07BFF7AA8792474FF28
:10A22400F535F536E4F537F53875390CF53AFD7F33
:10A234005A12A0FC90067D7F73129AF590067E7FD9
:10A2440082129AF590067FE0FBE4FD7F91129AF961
:01A2540022E7
:03013300028D6BCF
:108D6B00C0E0C0F0C083C082C0D075D000C000C0CE
:078D7B0004C005C006C0079B
:108D820090FD11E090060FF0E0FF7003028E10904C
:108D920006817401F090FD11E4F0EF30E6299006AF
:108DA20079E0FCA3E0FDA3E0FEA3E0FF78011267F7
:108DB20023900679126736900680E0C3942074806F
:108DC20094805003E004F090060FE030E7409006F4
:108DD20079E0FCA3E0FDA3E0FEA3E0FF78011267C7
:108DE20023900679126736900679E0FCA3E0FDA392
:108DF200E0FEA3E04401FFEC90067912673690068C
:0E8E020080E0C39420748094805003E004F05C
:108E1000D007D006D005D004D000D0D0D082D083E7
:058E2000D0F0D0E032AB
:099A9C004206A600004106A800E4
:10A69F0043B210C2B443E204E49006A6F0A3F0C2A2
:02A6AF00FA228D
:10011E009006A6E07002A3E0700AD2FA9006A6F04E
:05012E00A37432F02271
:10A4AC00D39006A7E094009006A6E094004015A374
:10A4BC00E024FFF09006A6E034FFF0E07002A3E089
:05A4CC007002C2FA223B
:10A4F40030B4189006A8E0C394057480948050107A
:10A50400E004F0E06405700802011EE49006A8F07F
:01A514002224
:10A6E4009006A6E07002A3E060037F01227F0022AF
:10A6180053BACF43BA2090FE8074E0F0A37480F060
:08A62800D2FED2FFA3E4F022F0
:0CA7A20090FE82E030E6F9E054BFF022A7
:09A7CF0090FE817401F002A7A2C2
:0EA76B0090FE86EFF090FE817402F002A7A22D
:09A7D80090FE817403F002A7A2B7
:0FA73F0090FE817404F012A7A290FE87E0FF2223
:0EA7790090FE82E4F090FE817405F002A7A22B
:0FA74E0090FE827401F090FE817405F002A7A2C4
:09A7E10090FE817406F002A7A2AB
:10A4860012A33D752C00752D80E4F52EF52F7BA0CB
:10A49600FAFDFCFFFE129C827F0112A7AE128B030F
:06A4A60012A78702A7C403
:09A7EA0012A255128A18029EF118
:10A33D00E4FFEFC3941074809480500F74452FF593
:10A34D0082E43406F583E4F00F80E790065574FF40
:10A35D00F0A37407F0A374D0F0A37407F0A374D026
:01A36D00F0FF
:01A36E0022CC
:1097C4007DFF7C00EFB4100050759097D5F82828E1
:1097D4007302980502980902980D029811029815CF
:1097E40002981902981D02982102982502982902CC
:1097F400982D02983102983502983902983D0298C2
:10980400417D0E803A7D0A80367D0B80327D0F804B
:109814002E7D06802A7D0280267D0480227D08809C
:109824001E7D07801A7D0380167D0580127D0180D0
:109834000E7D0C800AE4FD80067D0D80027D09AF5B
:01984400051E
:019845002200
:108A1800E49005EDF09005EDE0FFC39410748094A8
:108A2800804003028AC712A630EF607B9005EDE014
:108A3800FF2445F582E43406F583E0C3940174808D
:108A48009480504F9005EDE0FE2445F582E434060D
:108A5800F583E004F074452EF582E43406F583E0EE
:108A68006401702F1297C49005ECEFF0129F407FBD
:108A780001129C20900658E07002A3E0700D900649
:108A88005574FFF07F0112A7AE80089005ECE090C6
:108A98000655F09006567407F0A374D0F0A374C37B
:108AA800F0A37450F0800F9005EDE02445F582E4C2
:108AB8003406F583E4F09005EDE004F0028A1D9099
:108AC8000658E07002A3E06010900659E024FFF019
:108AD800900658E034FFF08005E4FF12A7AE900638
:108AE80056E07002A3E0600F900657E024FFF09074
:0A8AF8000656E034FFF02212A6B18A
:018B02002250
:08A7F300900655E0FF74FFF031
:01A7FB00223B
:09A7FC00900658E0FEA3E0FF22E4
:0DA79500900658EEF0A3EFF07F0102A7AE92
:1001360000000000000000000000000000000404B1
:10014600040404000004000014140A000000000067
:100156000000000000000A0A1F0A0A1F0A0A00001F
:1001660000040E1505060C14150E040000001215E9
:100176000D152E2C2A1200000000040A0A36151549
:100186002916000002020100000000000000000025
:1001960010080804040404040808100002040408F3
:1001A600080808080404020000000004150E0E15D5
:1001B6000400000000000008083E080800000000D7
:1001C6000000000000000000020201000000000024
:1001D600003F0000000000000000000000000000DA
:1001E60000020000002010100808040402020100AA
:1001F60000000E1111111111110E0000000004066D
:1002060004040404040E000000000E111108040288
:10021600011F000000000E11100C1010110E00003E
:100226000000080C0C0A091F081C000000001F0132
:10023600010F1110110E000000000C12010D131118
:10024600110E000000001E1008080404040400003B
:1002560000000E11110E1111110E000000000E11FA
:100266001119161009060000000000000400000025
:100276000004000000000000000400000004040068
:10028600000010080402020408100000000000002C
:100296003F003F00000000000000020408101008A4
:1002A6000402000000000E111108040400040000FE
:1002B60000001C22292D2D1D221C00000000040414
:1002C6000C0A0A1E1233000000000F12120E121240
:1002D600120F000000001E1101010101110E0000A5
:1002E60000000F1212121212120F000000001F124D
:1002F6000A0E0A02121F000000001F120A0E0A024E
:100306000207000000001C1201013911120C000046
:1003160000003312121E12121233000000001F04D6
:1003260004040404041F000000003E08080808082E
:1003360008080907000037120A060A1212370000D9
:100346000000070202020202223F000000003B1BDF
:100356001B1B15151535000000003B1216161A1A40
:100366001217000000000E1111111111110E0000DC
:1003760000000F12120E02020207000000000E110A
:1003860011111117190E180000000F12120E0A1281
:100396001237000000001E1101060810110F0000A0
:1003A60000001F1504040404040E000000003312AC
:1003B60012121212120C000000003312120A0A0C5A
:1003C600040400000000151515150E0A0A0A00009F
:1003D60000001B0A0A04040A0A1B000000001B0A8C
:1003E6000A0A0404040E000000001F09080404029F
:1003F600121F00001C0404040404040404041C006A
:100406000002020404040808081010000E08080878
:100416000808080808080E00040A0000000000008A
:100426000000000000000000000000000000003F87
:1004360002040000000000000000000000000000B0
:10044600000C121C123C000000030202020E1212E3
:10045600120E000000000000001C1202120C000028
:1004660000181010101C1212123C000000000000B0
:10047600000C121E021C000000182404041E0404B2
:10048600041E000000000000003C120C021C221C8E
:1004960000030202020E12121237000000040400CA
:1004A60000060404040E000000080800000C0808FA
:1004B6000808080700030202021A0A060A130000C7
:1004C6000007040404040404041F000000000000E4
:1004D600000F15151515000000000000000F121280
:1004E6001237000000000000000C1212120C00006F
:1004F60000000000000F1212120E0207000000009A
:10050600001C1212121C103800000000001B06020C
:100516000207000000000000001E020C101E000072
:1005260000000004041E0404041C00000000000077
:10053600001B1212123C000000000000001B0A0AF9
:1005460004040000000000000015150E0A0A000051
:1005560000000000001B0A040A1B00000000000047
:10056600003312120C08040300000000001E0804E9
:10057600041E000018080808080C080808081800D7
:1005860008080808080808080808080806040404F3
:100596000408040404040600160900000000000014
:1005A6000000000000000000000000000000000045
:1005B60000000000000000080808080808080000FD
:1005C6001818000000486C2412000000000000000B
:1005D600000000000000002424247F1212127F1263
:1005E600121200000000081C2A2A0A0C1828282AC1
:1005F6002A1C080800000022251515152A585454EF
:10060600542200000000000C1212120A762529114D
:10061600916E0000000606040300000000000000C2
:100626000000000000402010100808080808081004
:1006360010204000000204080810101010101008C6
:10064600080402000000000008086B1C1C6B080868
:100656000000000000000000080808087F080808DD
:10066600080000000000000000000000000000007C
:10067600060604030000000000000000FE00000063
:100686000000000000000000000000000000000064
:1006960006060000000080404020201010080804D4
:1006A6000402020000000018244242424242424232
:1006B60024180000000000080E08080808080808AA
:1006C600083E00000000003C424242202010080480
:1006D600427E00000000003C42422018204040427A
:1006E600221C0000000000203028242422227E2024
:1006F600207800000000007E0202021A26404042D6
:10070600221C0000000000382402021A264242423F
:10071600241800000000007E222210100808080895
:10072600080800000000003C4242422418244242CD
:10073600423C0000000000182442424264584040F7
:10074600241C000000000000000018180000000033
:10075600181800000000000000000008000000005B
:1007660000080804000000402010080402040810D5
:10077600204000000000000000007F0000007F0015
:1007860000000000000000020408102040201008AD
:10079600040200000000003C4242464020101000C7
:1007A600181800000000001C225A555555552D42B8
:1007B600221C00000000000808181414243C2242E1
:1007C60042E700000000001F2222221E224242426F
:1007D600221F00000000007C42420101010101428B
:1007E600221C00000000001F2242424242424242B6
:1007F600221F00000000003F4212121E1212024287
:10080600423F00000000003F4212121E1212020276
:10081600020700000000003C222201010171212292
:10082600221C0000000000E7424242427E42424251
:1008360042E700000000003E08080808080808080B
:10084600083E00000000007C101010101010101060
:100856001010110F0000007722120A0E0A1212223F
:1008660022770000000000070202020202020202D2
:10087600427F000000000077363636362A2A2A2ABA
:100886002A6B0000000000E346464A4A5252526272
:10089600624700000000001C2241414141414141A4
:1008A600221C00000000003F424242423E02020279
:1008B600020700000000001C2241414141414D5306
:1008C600321C60000000003F4242423E12122222C9
:1008D60042C700000000007C424202041820404249
:1008E600423E00000000007F490808080808080882
:1008F600081C0000000000E74242424242424242D7
:10090600423C0000000000E742422224241414184E
:10091600080800000000006B494949495555362230
:1009260022220000000000E742242418181824247C
:1009360042E7000000000077222214140808080885
:10094600081C00000000007E21201010080404424C
:10095600423F000000780808080808080808080848
:100966000808780000000202040408080810102095
:1009760020204040001E10101010101010101010F3
:1009860010101E00003844000000000000000000A7
:100996000000000000000000000000000000000051
:1009A600000000FF00060800000000000000000034
:1009B60000000000000000000000003C42784442B5
:1009C60042FC0000000000030202021A26424242D4
:1009D600261A00000000000000000038440202024F
:1009E60044380000000000604040407844424242E3
:1009F60064D80000000000000000003C427E0202B5
:100A0600423C0000000000F08808087E080808083C
:100A1600083E0000000000000000007C22221C02AC
:100A26003C42423C000000030202023A4642424275
:100A360042E700000000000C0C00000E0808080841
:100A4600083E000000000030300000382020202042
:100A56002020221E0000000302020272120A161251
:100A6600227700000000000E080808080808080899
:100A7600083E0000000000000000007F9292929263
:100A860092B70000000000000000003B46424242D0
:100A960042E70000000000000000003C42424242E3
:100AA600423C0000000000000000001B26424242BB
:100AB600221E020700000000000000784442424265
:100AC600447840E000000000000000774C04040475
:100AD600041F0000000000000000007C42023C40B1
:100AE600423E0000000000000008083E0808080812
:100AF600083000000000000000000063424242424D
:100B060062DC000000000000000000E7422424141C
:100B16000808000000000000000000EB4949555598
:100B26002222000000000000000000762418181899
:100B3600246E000000000000000000E74224241498
:100B460018080807000000000000007E22100808B0
:100B5600447E000000C020202020201020202020DD
:100B66002020C000101010101010101010101010BF
:100B760010101010000608080808081008080808D1
:100B8600080806000C32C200000000000000000049
:100B9600000000000000000000000000000000004F
:100BA600000000000000000000000000000000003F
:100BB600000000000000000000000000000000002F
:100BC600000000000000000000000000600060005F
:100BD60060006000600060006000400020002000AF
:100BE60020000000000000006000600060000000BF
:100BF6000000000000000000600660063003980157
:100C06008800440000000000000000000000000012
:100C160000000000000000000000000000000000CE
:100C2600000000000000000000000000100210029A
:100C360010021002FE07FE0708020801080108015B
:100C46000801FE07FE070401040104010401000077
:100C56000000000000000000000040004000F0011D
:100C660058034C03CC034C0058007000E000C00150
:100C7600C00140034C035C034C034801F0004000F4
:100C86004000000000000000000000000E010A0104
:100C9600910091009100510051003A00AE03A0026C
:100CA60050045004480448044804840284030000A5
:100CB60000000000000000000000000038006C008A
:100CC6006C006C006C006C002C0098071C011A016B
:100CD600330133016301E300C308C6093C07000082
:100CE60000000000000000000C001C0010001000B6
:100CF60008000400000000000000000000000000E2
:100D060000000000000000000000000000000000DD
:100D16000000000000000000000400020001800046
:100D2600800040004000200020002000200020001D
:100D360020002000400040008000800000010002EA
:100D4600000400000000000002000400080010007B
:100D560010002000200040004000400040004000FD
:100D66004000400020002000100010000800040091
:100D7600020000000000000000000000000000006B
:100D86004000C0004000460C4E0FD001F0015E0F3F
:100D9600460C40004000400000000000000000003B
:100DA600000000000000000000000000000000003D
:100DB600000040004000400040004000FE0F4000A0
:100DC600400040004000400000000000000000001D
:100DD600000000000000000000000000000000000D
:100DE60000000000000000000000000000000000FD
:100DF60000000000000000000C001C0010001000A5
:100E060008000400000000000000000000000000D0
:100E1600000000000000000000000000FE070000C7
:100E260000000000000000000000000000000000BC
:100E360000000000000000000000000000000000AC
:100E4600000000000000000000000000000000009C
:100E560000000000000000001C001C001C00000038
:100E6600000000000000000000040006000200036D
:100E7600000100018000800040004000600020006A
:100E8600200010001000080008000C0004000600F6
:100E96000200000000000000000000000000F0005A
:100EA60098010C030C030606060606060606060649
:100EB6000606060606060C030C039801F000000061
:100EC60000000000000000000000000000004000DC
:100ED6007C006000600060006000600060006000F0
:100EE600600060006000600060006000FC030000BD
:100EF6000000000000000000000000000000F800F4
:100F06008401020306030603000300018001C000FA
:100F1600600020001000080204020602FE03000022
:100F26000000000000000000000000000000780043
:100F3600C6008601860180018001C0007000800124
:100F4600000100030003060306038601F800000003
:100F5600000000000000000000000000000080010A
:100F66008001C001A001A0019001880188018401CF
:100F76008201FE0F8001800180018001E0070000F0
:100F86000000000000000000000000000000FC035C
:100F960004000400040004000400F4008C010403AF
:100FA600000300030603060382018401F800000023
:100FB6000000000000000000000000000000E0014A
:100FC60018030C030C0004000600E60116030E06C7
:100FD60006060606060604060C021803F0000000C4
:100FE6000000000000000000000000000000F807FC
:100FF6000C0604020401000100018000800040008C
:10100600400040006000600060006000600000007A
:101016000000000000000000000000000000F801D1
:101026000C030606060606060C021C03F000C801A1
:101036000C0306060606060606060C03F00100006B
:101046000000000000000000000000000000F000AA
:101056000C010C03060206060606060606078C06A3
:1010660078060006000300030C018C0178000000DE
:10107600000000000000000000000000000000006A
:101086000000000000000000E000E000E0000000BA
:101096000000000000000000E000E000E0000000AA
:1010A600000000000000000000000000000000003A
:1010B600000000000000000060006000000000006A
:1010C600000000000000000000006000600040001A
:1010D60020002000000000000000000000040002C4
:1010E60000018000400020001000080004000800F5
:1010F60010002000400080000001000200040000F3
:1011060000000000000000000000000000000000D9
:101116000000000000000000FE07000000000000C4
:10112600FE070000000000000000000000000000B4
:10113600000000000000000000000000040008009D
:1011460010002000400080000001000200040002A0
:10115600000180004000200010000800040000008C
:101166000000000000000000000000000000E00396
:101176001806040C040C0C0C0C0C00078001400033
:101186004000400000000000E000E000E000000039
:10119600000000000000000000000000E00018034E
:1011A6000C02CC0564056605A605B604B604B604AD
:1011B600B604B602E4010C040C021803F0000000A9
:1011C60000000000000000000000000000006000B9
:1011D60060005000D000900090008800880108014F
:1011E600F801040304030402020202060F0F0000C2
:1011F6000000000000000000000000000000FE00EB
:101206008C030C030C030C030C038C01FC000C0375
:101216000C020C060C060C060C060C03FE01000064
:101226000000000000000000000000000000E003D5
:1012360018030C060C04040406000600060006004B
:101246000600060006040C040C021803F000000059
:1012560000000000000000000000000000007F0009
:101266008C010C030C030C060C060C060C060C0673
:101276000C060C060C060C030C038C017F00000008
:101286000000000000000000000000000000FF0356
:10129600060306040604060086008600FE00860095
:1012A600860086000600060406040602FF03000008
:1012B6000000000000000000000000000000FF0326
:1012C600060306040604060086008600FE00860065
:1012D6008600860006000600060006001F000000C5
:1012E6000000000000000000000000000000F00008
:1012F60018010C020C020402060006000600060095
:10130600C60F060306030C030C031803F0000000C7
:1013160000000000000000000000000000000F0FA9
:10132600060606060606060606060606FE0706065E
:101336000606060606060606060606060F0F000041
:101346000000000000000000000000000000FC0398
:101356006000600060006000600060006000600087
:10136600600060006000600060006000FC03000038
:101376000000000000000000000000000000F80768
:10138600C000C000C000C000C000C000C000C00057
:10139600C000C000C000C000C000C000C000C60041
:1013A60066003C0000000000000000000000CF03C3
:1013B6008601C60046002600160036002E006E0086
:1013C6004600C60086008601060106038F07000058
:1013D60000000000000000000000000000001F00E8
:1013E60006000600060006000600060006000600C7
:1013F600060006000600060406040602FF030000B7
:1014060000000000000000000000000000000707C8
:10141600860386038E038E034E034E034A035A0346
:101426005A033A03320332033203120387070000DA
:1014360000000000000000000000000000008E0F09
:101446000C021C021C0234023402640264024402CE
:10145600C402840284038403040304031F020000FD
:101466000000000000000000000000000000F00086
:1014760098010C030C020606060606060606060674
:101486000606060606060C020C039801F00000008C
:101496000000000000000000000000000000FF0047
:1014A6000603060606060606060606068603FE006A
:1014B6000600060006000600060006001F000000E3
:1014C6000000000000000000000000000000F00026
:1014D60098010C030C020606060606060606060614
:1014E6000606060676064C02CC039801F000800735
:1014F6000003000000000000000000000000FF01E3
:10150600060306060606060606060603FE0046004F
:10151600C600860086010603060306060F0E0000B7
:101526000000000000000000000000000000F802BB
:101536000C030602060206000E003C00F800E0035B
:10154600800300070206020606060C03F0010000EF
:101556000000000000000000000000000000FE0780
:10156600620461086108600060006000600060005D
:10157600600060006000600060006000F80100002C
:1015860000000000000000000000000000001E0730
:101596000C020C020C020C020C020C020C020C02D5
:1015A6000C020C020C020C020C021801F0000000E6
:1015B60000000000000000000000000000000F070F
:1015C6000602040104010C010C0188008800980041
:1015D60098005000500070003000200020000000ED
:1015E6000000000000000000000000000000F70EF0
:1015F600620442044604460464026402E402E4020D
:101606009C029C01980198018801880088000000CE
:1016160000000000000000000000000000009E071F
:101626000C01080118019000B00060002000600065
:101636006000D00090008801080104038E070000B6
:1016460000000000000000000000000000000F0F76
:10165600060404020C0208011801B800B00070006C
:10166600600060006000600060006000F80100003B
:101676000000000000000000000000000000FC0761
:101686000C02060302018001800040004000200099
:1016960020001000180008040C040402FE030000D9
:1016A6000000000000000000E003200020002000F1
:1016B6002000200020002000200020002000200024
:1016C6002000200020002000200020002000200014
:1016D600E003000000000000000000000400040019
:1016E6000800080010001000100020002000400034
:1016F6004000C000800080000001000100020002DE
:1017060000020004000000007C0040004000400091
:1017160040004000400040004000400040004000C3
:1017260040004000400040004000400040004000B3
:101736007C0000000000600090000801000000002E
:101746000000000000000000000000000000000093
:101756000000000000000000000000000000000083
:101766000000000000000000000000000000000073
:101776000000000000000000000000000000000063
:101786000000000000000000000000000000000053
:101796000000FF0F000000001800600000000000BD
:1017A6000000000000000000000000000000000033
:1017B6000000000000000000000000000000000023
:1017C6000000000000000000000000000000000013
:1017D6000000000000000000F0010C030C030003F1
:1017E600E0031C030E03060306038E0B7C0E0000AB
:1017F60000000000000000000000000008000E00CD
:101806000C000C000C000C00CC013C031C060C0662
:101816000C060C060C060C060C021C03E401000068
:1018260000000000000000000000000000000000B2
:101836000000000000000000F0008C018C01860111
:1018460006000600060006020C020C01F00000006D
:101856000000000000000000000000000002C003BD
:10186600000300030003000378038C030C03060344
:10187600060306030603060304038C07780100002B
:101886000000000000000000000000000000000052
:101896000000000000000000E001180308020C062A
:1018A6000C06FC070C000C0018041802E0010000EE
:1018B6000000000000000000000000000000C0035F
:1018C6006006300630003000FE0130003000300087
:1018D600300030003000300030003000FC010000E5
:1018E60000000000000000000000000000000000F2
:1018F6000000000000000000F007D8068C018C01F3
:101906008C019801F8000C00FC00CC0306030603CA
:101916008E03F800000000000000000008000E0022
:101926000C000C000C000C00EC011C030C030C0357
:101936000C030C030C030C030C030C039E070000A2
:101946000000000000000000000000000000600031
:1019560060000000000040007C0060006000600045
:10196600600060006000600060006000FC03000032
:101976000000000000000000000000000000C001A0
:10198600C001000000000001F0018001800180011B
:101996008001800180018001800180018001800139
:1019A600CC007C00000000000000000008000E00D3
:1019B6000C000C000C000C008C038C008C004C00FE
:1019C6006C005C008C008C010C010C039E0700006F
:1019D60000000000000000000000000040007C0045
:1019E60060006000600060006000600060006000F1
:1019F600600060006000600060006000FC030000A2
:101A060000000000000000000000000000000000D0
:101A160000000000000000003707EE0666066606B6
:101A2600660666066606660666066606FF0F00001A
:101A360000000000000000000000000000000000A0
:101A46000000000000000000EE011C030C030C0364
:101A56000C030C030C030C030C030C039E07000081
:101A66000000000000000000000000000000000070
:101A76000000000000000000F00098010C030606BC
:101A860006060606060606060C030C03F000000012
:101A96000000000000000000000000000000000040
:101AA6000000000000000000EE011C030C060C06FE
:101AB6000C060C060C060C060C031C03EC010C00B1
:101AC6000C003E00000000000000000000000000C6
:101AD600000000000000000078028C030C030603DF
:101AE600060306030603060304038C0378030003B8
:101AF6000003C00700000000000000000000000016
:101B060000000000000000009F0358063806180079
:101B1600180018001800180018001800FF00000030
:101B260000000000000000000000000000000000AF
:101B36000000000000000000F0031C030C020C0271
:101B46003800F000C003040304038C03FC0100000A
:101B5600000000000000000000000000000000007F
:101B66002000200030003000FE0130003000300040
:101B7600300030003000300030023002E00100005A
:101B8600000000000000000000000000000000004F
:101B960000000000000008028E030C030C030C0377
:101BA6000C030C030C030C030C039C0778010000C8
:101BB600000000000000000000000000000000001F
:101BC60000000000000000001E070C0208010801CA
:101BD60018019000B000B000600060002000000016
:101BE60000000000000000000000000000000000EF
:101BF6000000000000000000F70E620446046402C4
:101C06006402EC029C01980198019801080000000A
:101C160000000000000000000000000000000000BE
:101C26000000000000000000BC0718011001B00011
:101C360060006000E0009000080108039E070000B5
:101C4600000000000000000000000000000000008E
:101C560000000000000000009E07080108010801BE
:101C660090009000B000600060006000200020003E
:101C760024001C000000000000000000000000001E
:101C86000000000000000000FC018401C4004400C4
:101C9600600020003000180208020C03FC0100005E
:101CA60000000000000000000003800080008000AB
:101CB60080008000800080008000400020004000FE
:101CC600800080008000800080008000800080000E
:101CD600000300004000400040004000400040007B
:101CE60040004000400040004000400040004000EE
:101CF60040004000400040004000400040004000DE
:101D060040004000000000000C0010001000100011
:101D160010001000100010001000200040002000ED
:101D2600100010001000100010001000100010002D
:101D36000C00000000001C002204C2048003000006
:101D4600000000000000000000000000000000008D
:101D5600000000000000000000000000000000007D
:101D6600000000000000000000000000000000006D
:101D7600000000000000000000000000000000005D
:101D8600000000000000000000000000000000004D
:101D9600000000000000000000000000000000003D
:101DA6000000000000000000000000000000C0016C
:101DB600C001C001C001C001C001C0018000800097
:101DC600800080008000800080000000000000008D
:101DD60000008001C003C003800100000000000075
:101DE60000000000000000000000E01CE01CF01EE7
:101DF600700E380718030801840000000000000078
:101E060000000000000000000000000000000000CC
:101E160000000000000000000000000000000000BC
:101E260000000000000000000000000000000000AC
:101E360020102010201020102010FE7FFE7F10089A
:101E4600100810081008100810081008FE7FFE7F02
:101E56000804080408040804080400000000000040
:101E6600000000000000000000000000000100016A
:101E7600C007601910311831183918393801700146
:101E8600E001C0038007000F001D003900311C313E
:101E96001C310C310C11180DE00700010001000186
:101EA600000000000000000000000000000000002C
:101EB6001C1036186308630C630463046302630230
:101EC6006301361D9C378022806340634063206334
:101ED6002063306310221836081C00000000000042
:101EE60000000000000000000000000000000000EC
:101EF600F00098018C018C018C018C018C00CC00C7
:101F06007800183E1C083608320863046304C304CC
:101F1600C303834306438E26781C0000000000009E
:101F2600000000000000000000001C003C003C0017
:101F36003000300010000C00060000000000000019
:101F4600000000000000000000000000000000008B
:101F5600000000000000000000000000000000007B
:101F660000000000000000000000004000200010FB
:101F76000008000C000400060003000300038001B3
:101F860080018001800180018001800180010003C1
:101F96000003000300060006000C000800100020E5
:101FA60000400000000000000000020004000800DD
:101FB6001000300020006000C000C000C00080019A
:101FC6008001800180018001800180018001C000C4
:101FD600C000C0006000600030001000080004006F
:101FE60002000000000000000000000000000000E9
:101FF6000000000000018003800300011C713C7991
:10200600783DC0070001C007783D3C791C7100018E
:102016008003800380010000000000000000000033
:1020260000000000000000000000000000000000AA
:102036000000000000000001000100010001000195
:1020460000010001FC7F0001000100010001000108
:102056000001000100000000000000000000000078
:10206600000000000000000000000000000000006A
:10207600000000000000000000000000000000005A
:10208600000000000000000000000000000000004A
:10209600000000001C003C003C0030003000100036
:1020A6000C00060000000000000000000000000018
:1020B600000000000000000000000000000000001A
:1020C60000000000FE7F000000000000000000008D
:1020D60000000000000000000000000000000000FA
:1020E60000000000000000000000000000000000EA
:1020F60000000000000000000000000000000000DA
:1021060000000000000000000000000000000000C9
:10211600000018003C003C00180000000000000011
:1021260000000000000000000000004000600020E9
:102136000030001000180008000C00040006000221
:102146000003000180018000C00040006000200004
:1021560030001000180008000C0004000600020001
:102166000000000000000000000000000000000069
:10217600C007600C30181830183018200C600C603E
:102186000C600C600C600C600C600C600C6018201D
:10219600183018303018600CC0070000000000002E
:1021A6000000000000000000000000000000000029
:1021B60000018001F8018001800180018001800119
:1021C6008001800180018001800180018001800101
:1021D600800180018001C003F81F0000000000009C
:1021E60000000000000000000000000000000000E9
:1021F600E007101C0818043004300C300C30003096
:1022060000180008000400020001800040002020A1
:10221600102008200430FC1FFC1F000000000000F6
:1022260000000000000000000000000000000000A8
:10223600E003180E0C0C0C180C180C180018000CE7
:102246000006C003000E00180010003000300C30ED
:102256000C300C100C18180CE003000000000000F5
:102266000000000000000000000000000000000068
:10227600000C000E000E000F800E800E400E600E49
:10228600200E100E100E080E040E040EFE7F000E19
:10229600000E000E000E000E000EC07F00000000B3
:1022A6000000000000000000000000000000000028
:1022B600F03FF03F10001000100008000800C807AB
:1022C600280C1818081000300030003000300C3090
:1022D6000C3004180418080CF0030000000000007D
:1022E60000000000000000000000000000000000E8
:1022F600800FC010203010301800180008000C00A5
:102306008C0F6C183C301C600C600C600C600C6010
:102316001860182030306018C00700000000000068
:1023260000000000000000000000000000000000A7
:10233600F83FF83F1C100C080408040400040002CF
:102346000002000100010001800080008000C00042
:10235600C000C000C000C000C000000000000000B7
:102366000000000000000000000000000000000067
:10237600E007300C18180C300C300C301C303818B4
:102386007008E007B007180E0C1C06380630063039
:10239600063006300C18180CE003000000000000A0
:1023A6000000000000000000000000000000000027
:1023B600E00318040C080C18061006300630063028
:1023C600063006380C3C1836F0310030001800187C
:1023D60000180C0C0C060C03F001000000000000B5
:1023E60000000000000000000000000000000000E7
:1023F6000000000000000000000000000000800156
:10240600C003C003800100000000000000000000BF
:1024160000008001C003C00380010000000000002E
:1024260000000000000000000000000000000000A6
:102436000000000000000000000000000000C000D6
:10244600C0000000000000000000000000000000C6
:10245600000000000000C000C000800080004000B6
:102466004000000000000000000000000000002006
:10247600001000080004000600038001C000600090
:10248600300018000C00180030006000C000800109
:1024960000030006000400080010002000000000F1
:1024A6000000000000000000000000000000000026
:1024B6000000000000000000000000000000FE7F99
:1024C60000000000000000000000FE7F0000000089
:1024D60000000000000000000000000000000000F6
:1024E60000000000000000000000000000000400E2
:1024F6000800100020006000C000800100030006F4
:10250600000C001800300018000C000600038001C3
:10251600C000600020001000080004000000000059
:102526000000000000000000000000000000C007DE
:102536003018083008600C601C601C601C6000309D
:10254600001C000600018000800080008000000062
:1025560000008001C003C0038001000000000000ED
:102566000000000000000000000000000000000065
:10257600C0076018103018200C2F8C4D864CC64CA6
:10258600C64C664C66446644662666266615CC1CB2
:102596000C40082018303018C0070000000000006A
:1025A6000000000000000000000000000000000124
:1025B600C001C001C00140016003200320032003C5
:1025C6003006100610061006F80F080C080C080C4A
:1025D6000C0C0418041806181F7C000000000000EC
:1025E60000000000000000000000000000000000E5
:1025F600FE07181C183818301830183018301818FC
:10260600180CF80718181830182018601860186089
:102616001860186018301818FE0F0000000000003F
:1026260000000000000000000000000000000000A4
:10263600C0276038103018200C400C4004000600FB
:1026460006000600060006000600060006000C400E
:102656000C400C2018303018C007000000000000A5
:102666000000000000000000000000000000000064
:10267600FE03180E18181830183018301860186035
:1026860018601860186018601860186018601830B4
:10269600183018101818180EFE030000000000006D
:1026A6000000000000000000000000000000000024
:1026B600FE3F18301820186018401800180818082F
:1026C600180CF80F180C180818081800180018002D
:1026D6001840184018201830FE3F00000000000087
:1026E60000000000000000000000000000000000E4
:1026F600FE7F1870184018C018801800181018109F
:102706001818F81F181818101810180018001800B4
:1027160018001800180018007E00000000000000D5
:1027260000000000000000000000000000000000A3
:10273600C013701C101018100C200C20040006008A
:10274600060006000600060006FC063006300C30C1
:102756000C30183018303008C007000000000000A8
:102766000000000000000000000000000000000063
:102776003F7E0C180C180C180C180C180C180C189A
:102786000C180C18FC1F0C180C180C180C180C182C
:102796000C180C180C180C183F7E000000000000E6
:1027A6000000000000000000000000000000000023
:1027B600F81F800180018001800180018001800175
:1027C60080018001800180018001800180018001FB
:1027D6008001800180018001F81F000000000000D8
:1027E60000000000000000000000000000000000E3
:1027F600E07F00060006000600060006000600064A
:102806000006000600060006000600060006000692
:102816000006000600060006000600060E060E0369
:102826008E01FC0000000000000000000000000017
:102836007E7C181818081804180618021801980142
:102846009801D801B803380318071806180E180C93
:10285600181C1818183018307EFC00000000000004
:102866000000000000000000000000000000000062
:102876007E0018001800180018001800180018002C
:102886001800180018001800180018001800180082
:102896001840184018201830FE3F000000000000C5
:1028A6000000000000000000000000000000000022
:1028B6001FF81C381C381C381C3C3434343434346F
:1028C600343674326432643264326431C431C431B1
:1028D600C431C430C43084309FFC000000000000C6
:1028E60000000000000000000000000000000000E2
:1028F6001F7C1C103C103410341074106410E4104B
:10290600C410C41184118413041304170416041E7E
:10291600041C041C041C04181F18000000000000FE
:1029260000000000000000000000000000000000A1
:10293600C003300C181808100C300C300660066006
:1029460006600660066006600660066006600C208B
:102956000C3008101818300CC003000000000000EE
:102966000000000000000000000000000000000061
:10297600FE0F181818301860186018601860186074
:1029860018301818F80F180018001800180018004A
:1029960018001800180018007E0000000000000053
:1029A6000000000000000000000000000000000021
:1029B600C003300C18180C100C300C200660066092
:1029C6000660066006600660066006600660E461F2
:1029D6002C331C321816300EC007004C007C003811
:1029E60000000000000000000000000000000000E1
:1029F600FE07181C183818301830183018301818F8
:102A0600180CF80798031803180718061806180E66
:102A1600180C180C181C18187E780000000000000E
:102A260000000000000000000000000000000000A0
:102A3600E027303818300C200C200C000C00180051
:102A46007800E003800F001E00380070006004600C
:102A56000460086018303818C80F00000000000035
:102A66000000000000000000000000000000000060
:102A7600FC3F8C218461824182418001800180017A
:102A86008001800180018001800180018001800138
:102A96008001800180018001E00700000000000045
:102AA6000000000000000000000000000000000020
:102AB6003F7C0C100C100C100C100C100C100C1091
:102AC6000C100C100C100C100C100C100C100C1020
:102AD6000C100C1008083804E00300000000000089
:102AE60000000000000000000000000000000000E0
:102AF6003EF81820182018203010301030103010F2
:102B0600600860086008E00CC004C004C0048003CC
:102B16008003800380030001000100000000000024
:102B2600000000000000000000000000000000009F
:102B3600DFF38661862186218C210C218C238C1360
:102B46008C138C134C1358125816580E380E380E18
:102B5600380E300C100410041004000000000000B1
:102B6600000000000000000000000000000000005F
:102B76007E3E180838083004300470026002E00116
:102B8600C001C001800180034003400720062006E3
:102B9600100C100C081808183E7C000000000000FD
:102BA600000000000000000000000000000000001F
:102BB6007E7C1C10181018083008300C7004600455
:102BC6006002C002C002C001800180018001800154
:102BD6008001800180018001E00700000000000004
:102BE60000000000000000000000000000000000DF
:102BF600F83F18180818040C040E00060007000316
:102C060080038001C001C000E00060007000300059
:102C1600382018201C100C18FE1F000000000000B1
:102C260000000000000000000000C03F400040001F
:102C3600400040004000400040004000400040008E
:102C4600400040004000400040004000400040007E
:102C56004000400040004000400040004000C03FAF
:102C66000000000000000000000000000000080056
:102C760018001800100030002000600060004000BE
:102C8600C0008000800180010001000300020006F0
:102C960000060004000C00080018001800100030A0
:102CA60000200000000000000000FC0300020002FB
:102CB60000020002000200020002000200020002FE
:102CC60000020002000200020002000200020002EE
:102CD6000002000200020002000200020002FC03E1
:102CE600000000000000000000008007C006200869
:102CF60010100000000000000000000000000000AE
:102D060000000000000000000000000000000000BD
:102D160000000000000000000000000000000000AD
:102D2600000000000000000000000000000000009D
:102D3600000000000000000000000000000000008D
:102D4600000000000000000000000000000000007D
:102D5600000000000000000000000000000000006D
:102D66000000FFFF0000000000007800C000000126
:102D7600000000000000000000000000000000004D
:102D8600000000000000000000000000000000003D
:102D9600000000000000000000000000000000002D
:102DA600000000000000000000000000000000001D
:102DB6000000000000000000000000000000F0031A
:102DC60018060C0C0C0C000C800F700C1C0C0C0C58
:102DD600060C060C064C0C4FF838000000000000EC
:102DE60000000000000000000000000000001000CD
:102DF6001E00180018001800180018001800180FF8
:102E0600D818383038601860186018601860186074
:102E16001860182038307818C80700000000000035
:102E2600000000000000000000000000000000009C
:102E36000000000000000000000000000000C007C5
:102E4600700C181818180C180C000C000C000C004C
:102E56000C20182018103008C007000000000000E1
:102E6600000000000000000000000000000000104C
:102E7600001E001800180018001800180018E01BA3
:102E8600301C181818180C180C180C180C180C18DC
:102E96000C180818181C307AE00900000000000021
:102EA600000000000000000000000000000000001C
:102EB6000000000000000000000000000000C00745
:102EC600300C181808100C300C30FC3F0C000C00AD
:102ED6000C00182018107018C00700000000000031
:102EE60000000000000000000000000000000000DC
:102EF600003E80C380C0C0C0C000C000C000FC1F30
:102F0600C000C000C000C000C000C000C000C000BB
:102F1600C000C000C000C000F80F000000000000A4
:102F2600000000000000000000000000000000009B
:102F36000000000000000000000000000000C07754
:102F4600306C10181818181818181018300CF007CC
:102F560018001800F00FF03F08700C600C600C6051
:102F66003838E00F000000000000000000001000EC
:102F76001E00180018001800180018001800980FF6
:102F8600D818383018301830183018301830183033
:102F960018301830183018307EFC00000000000091
:102FA600000000000000000000000000000000001B
:102FB6008003800380030000000000000001F80188
:102FC60080018001800180018001800180018001F3
:102FD6008001800180018001F81F000000000000D0
:102FE60000000000000000000000000000000000DB
:102FF6000038003800380000000000000010801F74
:1030060000180018001800180018001800180018FA
:103016000018001800180018001800180018180CDE
:103026001806F00300000000000000000000100079
:103036001E00180018001800180018001800183E86
:10304600180C1806180318019801D8013803180738
:103056001806180C181C18187E7C000000000000CA
:103066000000000000000000000000000000000159
:10307600F8018001800180018001800180018001CA
:103086008001800180018001800180018001800132
:103096008001800180018001F81F0000000000000F
:1030A600000000000000000000000000000000001A
:1030B6000000000000000000000000000800EE1CF8
:1030C6009C338C318C318C318C318C318C318C3100
:1030D6008C318C318C318C31DE7B0000000000009D
:1030E60000000000000000000000000000000000DA
:1030F60000000000000000000000000010001E0F8D
:10310600D8183830183018301830183018301830B1
:1031160018301830183018307EFC0000000000000F
:103126000000000000000000000000000000000099
:103136000000000000000000000000000000C007C2
:10314600701C103018300C600C600C600C600C6049
:103156000C60183018303018C0070000000000005E
:103166000000000000000000000000000000000059
:1031760000000000000000000000000010009E0F8C
:1031860058183830182018601860186018601860D1
:10319600186018303830781898071800180018008A
:1031A60018007E0000000000000000000000000083
:1031B6000000000000000000000000000000C02326
:1031C600303C183818300C300C300C300C300C30C9
:1031D6000C3008301838303CE03300300030003016
:1031E600003000FC000000000000000000000000AD
:1031F60000000000000000000000000060007E3CAF
:1032060060666061E000E0006000600060006000F1
:103216006000600060006000FE0700000000000023
:103226000000000000000000000000000000000098
:103236000000000000000000000000000000E02781
:1032460030381830182018007000E003800F001C7A
:10325600043004300C301C18EC0F00000000000095
:103266000000000000000000000000000000000058
:1032760000000000800080008000C000E000FC1F0D
:10328600C000C000C000C000C000C000C000C00038
:10329600C000C020C0208011000F00000000000008
:1032A6000000000000000000000000000000000018
:1032B60000000000000000000000000010201E3C7E
:1032C60018301830183018301830183018301830B8
:1032D60018301830183830F4E013000000000000F1
:1032E60000000000000000000000000000000000D8
:1032F60000000000000000000000000000007E3C0E
:103306001818180838083004300470026002600289
:10331600E001C001C001C000800000000000000004
:103326000000000000000000000000000000000097
:103336000000000000000000000000000000DFF7B1
:103346008E630C238C238C239813981358165816C7
:10335600700E700E700E20042004000000000000A5
:103366000000000000000000000000000000000057
:103376000000000000000000000000000000FC3E0D
:1033860070087004E004C002C00180038003400797
:103396006006200C100C18183E7E0000000000008D
:1033A6000000000000000000000000000000000017
:1033B60000000000000000000000000000007E7C0D
:1033C6001818180830083008300460046004C00279
:1033D600C002C00280018001800180008000800060
:1033E6004C003C000000000000000000000000004F
:1033F6000000000000000000000000000000FC1FAC
:103406000C0C040E0406000380038001C000E000DB
:103416007020302038301C18FC1F0000000000000F
:10342600000000000000000000000030000800045A
:103436000004000400040004000400040004000466
:1034460000040002800100020004000400040004DD
:103456000004000400040004000400040004000842
:103466000030000000010001000100010001000120
:10347600000100010001000100010001000100013E
:10348600000100010001000100010001000100012E
:10349600000100010001000100010001000100011E
:1034A600000100010000000000000C0010002000D8
:1034B6002000200020002000200020002000200006
:1034C6002000400080014000200020002000200055
:1034D60020002000200020002000200020001000F6
:1034E6000C00000000003800C40086400261002283
:1034F600001C0000000000000000000000000000AA
:1035060000000000000000000000000000000000B5
:1035160000000000000000000000000000000000A5
:103526000000000000000000000000000000000095
:1035360000000000000000000000000000FC018008
:10354600FF0FC0FF1FE0FF3FF0FF7FF0FF7FF80790
:10355600FFF803FEF803FEFC01FCFC01FCFC01FC89
:10356600FC01FCFC01FCFC01FCFC01FCFC01FCFC7C
:1035760001FCFC01FCFC01FCFC01FCF803FEF80369
:10358600FEF807FFF0FF7FF0FF7FE0FF3FC0FF1F61
:1035960080FF0F00FC01000000000000000000009A
:1035A6000000000000000000000000000000000015
:1035B6000000000000000000000000000000000005
:1035C60000000000000000000000000000C00F0026
:1035D600E00F00E00F00F80F00FC0F00FF0FC0FF28
:1035E6000FF0FF0FF0EF0FF0E70FF0E30FF0E00F33
:1035F60010E00F00E00F00E00F00E00F00E00F000A
:10360600E00F00E00F00E00F00E00F00E00F00E029
:103616000F00E00F00E00F00E00F00E00F00E00FEA
:1036260000E00F00E00F00000000000000000000B6
:103636000000000000000000000000000000000084
:103646000000000000000000000000000000000074
:1036560000000000000000000000000000FC030065
:10366600FF1FC0FF3FE0FF7FE0FFFFF0FFFFF00F0F
:10367600FFF807FEF803FCF803FC0000FC0000FC62
:103686000000FE00007F00803F00C03F00E01F00FA
:10369600F00700FC0300FE01007F00803F00C01F12
:1036A60000E00F00F0FFFFF0FFFFF8FFFFF8FFFF5D
:1036B600FCFFFFFCFFFF0000000000000000000010
:1036C60000000000000000000000000000000000F4
:1036D60000000000000000000000000000000000E4
:1036E60000000000000000000000000000FC0100D7
:1036F600FF07C0FF0FE0FF1FE0FF3FF0FF7FF08FE7
:103706007FF8077FF8037FC0037F00803F00C01F5C
:1037160000F00F00F80700F80F00F83F00007F00E8
:1037260000FE0000FC0000FCF801FCFC01FCFC03B0
:10373600FEF807FFF8FFFFF0FF7FE0FF7FC0FF1FE7
:1037460080FF0F00FC0100000000000000000000E8
:103756000000000000000000000000000000000063
:103766000000000000000000000000000000000053
:1037760000000000000000000000000000003F0004
:10378600803F00C03F00E03F00F03F00F03F00F800
:103796003F00FC3F00FE3F00BF3F00BF3F809F3F12
:1037A600C08F3FE0873FE0873FF0833FF8813FFCD3
:1037B600803F7E803FFEFFFFFEFFFFFEFFFFFEFF16
:1037C600FFFEFFFF00803F00803F00803F00803FFC
:1037D60000803F00803F0000000000000000000065
:1037E60000000000000000000000000000000000D3
:1037F60000000000000000000000000000000000C3
:1038060000000000000000000000000080FF7F8034
:10381600FF7FC0FF7FC0FF7FC0FF7FC0FF7FC01F4D
:1038260000E00F00E00F00E00F00E0EF07F0FF1FE1
:10383600F0FF3FF0FF7FF0FFFFF8FFFFF807FFF014
:1038460003FE0000FC0000FCF801FCFC01FCFC038C
:10385600FEF807FFF8FFFFF0FF7FE0FF3FC0FF1F06
:1038660080FF0F00FE0100000000000000000000C5
:103876000000000000000000000000000000000042
:103886000000000000000000000000000000000032
:1038960000000000000000000000000000F8030027
:1038A600FF0F80FF1FC0FF3FE0FF7FF0FF7FF00F9D
:1038B600FFF803FEF8037EF80100FC0100FC01009E
:1038C600FCF103FCFD1FFCFF3FFCFF7FFCFFFFFC40
:1038D600FFFFFC07FFFC01FCFC01FCF801FCF80300
:1038E600FCF807FFF0FFFFF0FFFFE0FF7FC0FF3FA0
:1038F60000FF0F00FC0300000000000000000000B5
:1039060000000000000000000000000000000000B1
:1039160000000000000000000000000000000000A1
:10392600000000000000000000000000FCFFFFFC9B
:10393600FFFFFCFFFFFCFFFFFCFFFFFCFF7F00001B
:103946003E00003F00801F00C00F00E00700E007B8
:1039560000F00300F80300F80100FC0100FC000081
:10396600FE00007E00007F00007F00003F00803FD9
:1039760000803F00803F00C01F00C01F00C01F0026
:10398600C01F00C01F000000000000000000000073
:103996000000000000000000000000000000000021
:1039A6000000000000000000000000000000000011
:1039B60000000000000000000000000000FE038080
:1039C600FF0FE0FF3FF0FF7FF08F7FF807FFF80360
:1039D600FEF803FEF803FEF803FEF0077FF08F7F84
:1039E600E0FF1F80FF0F80FF0FE0FF3FF0077FF82B
:1039F60003FEF803FCFC01FCFC01FCFC01FCFC01E1
:103A0600FCFC03FCF803FEF807FFF0FF7FE0FF3F36
:103A160080FF0F00FE030000000000000000000011
:103A26000000000000000000000000000000000090
:103A36000000000000000000000000000000000080
:103A460000000000000000000000000000FE0180F1
:103A5600FF07E0FF1FF0FF3FF8FF7FF8FF7FFC073F
:103A6600FFFC01FEFC01FCFC01FCFC01FCFC07FF69
:103A7600F8FFFFF8FFFFF0FFFFE0FFFFC0FFFD00CC
:103A86007EFC0000FC0000FC0000FCF003FEF803D6
:103A9600FEF807FFF0FF7FF0FF3FE0FF3FC0FF0F9C
:103AA60080FF0700FE00000000000000000000008C
:103AB6000000000000000000000000000000000000
:103AC60000000000000000000000000000000000F0
:103AD60000000000000000000000000000000000E0
:103AE60000000000000000000000000000000000D0
:103AF60000000000E00F00E00F00E00F00E00F0004
:103B0600E00F00E00F0000000000000000000000D1
:103B1600000000000000000000000000000000009F
:103B260000000000E00F00E00F00E00F00E00F00D3
:103B3600E00F00E00F0000000000000000000000A1
:103B4600000000000000000000000000000000006F
:103B5600000000007FFFFF7FFFFF70080770080767
:103B66007008077008077008077008077008077064
:103B76000807700807706B07706B07706B07706B30
:103B860007706B07706B07706B07706B0770080721
:103B96007008077008077008077008077008077034
:103BA60008077008077008077FFFFF7FFFFF7FFF8A
:103BB600FF7FFFFF78080F74081772082771084700
:103BC60070888770888770888770888770888776FE
:103BD60088B77688B77688B77688B77688B77688CE
:103BE600B77688B77688B770888770888770888731
:103BF6007088877088877108477208277408177855
:103C0600080F7FFFFF7FFFFF00000000000000009D
:103C1600000000000000000000000000000000009E
:103C2600000000000000000000000000000000008E
:103C3600000000000000000000000000000000007E
:103C4600000000000000000000000000000000006E
:103C5600000000000000000000000000000000005E
:023C660000005C
:109F8B008E4F8F508C518D528A538B547F2A12A82F
:109F9B000DE5502401FFE4354FFE12A75DE5542477
:109FAB0001FFE43553FE12A75D7F2B12A80DE5527E
:109FBB002402FFE43551FE12A75DE5562402FFE4AF
:0B9FCB003555FE12A75D7F2C02A80D8B
:0C9C82008E268F278C288D298A2A8B2B98
:109C8E00E52B24FFFBE52A34FFFAE52D24FFF556DC
:109C9E00E52C34FFF555129F8B9005FDE529F090CC
:109CAE0005FDE0C3952DE4952C5027A3E527F090F4
:109CBE0005FEE0C3952BE4952A500FAF2FAE2E1262
:109CCE00A75D9005FEE004F080E59005FDE004F050
:029CDE0080CD37
:019CE0002261
:10833C00E4F53AF53BF53CF53DC3EB9FF53FEA9E82
:10834C00F53EC3E5379DF541E5369CF5408E488FEB
:10835C00498C4A8D4BD3E53F9400E53E6480948074
:10836C004008754400754501801DE53F453E70068B
:10837C00F544F545801174FFF544F545C3E4953F8C
:10838C00F53FE4953EF53ED3E5419400E54064802D
:10839C0094804008754600754701801DE5414540B5
:1083AC007006F546F547801174FFF546F547C3E4B2
:1083BC009541F541E49540F540D3E53F9541E540C5
:1083CC006480F8E53E6480984008853E42853F43D2
:1083DC008006854042854143E49005FDF0A3F0E51D
:1083EC00432401FFE43542FEC39005FEE09F900557
:1083FC00FDE09E400302848AAF49AD4BAB39AA38ED
:10840C0012A555E53F253BF53BE53E353AF53AE5FA
:10841C0041253DF53DE540353CF53CD3E53B9543E9
:10842C00E5426480F8E53A6480984018E53B954352
:10843C00F53BE53A9542F53AE5452549F549E544DC
:10844C003548F548D3E53D9543E5426480F8E53C75
:10845C006480984018E53D9543F53DE53C9542F523
:10846C003CE547254BF54BE546354AF54A9005FE6C
:0E847C00E004F070069005FDE004F00283EBD2
:01848A0022CF
:10A555008F4C8A4D8B4EA905EFFB7A007E00E97C76
:10A5650000755500F556129F8BAF4EAE4D02A75D97
:08771D008F3B8D3C8A3D8B3E41
:1077250074E0253EF53E74FF353DF53DE53E24D03C
:10773500900608F0E53D34FF900607F0900603E556
:107745003BF0E543C313900609F0E0FF1313135410
:107755001FFEEF540760047F0180027F00EE2F8536
:1077650043F0A490060AF0AF3B7E00C007E53CFD60
:107775007C00900609E0253BFFE433CF24FFFBEFB7
:1077850034FFFAE53C2543FFE433CF24FFF556EFFC
:1077950034FFF555D007129F8BE4900601F0900653
:1077A5000AE0FF900601E0FEC39F400302794BE526
:1077B50043640C701B90013675F00CE53E1267733F
:1077C500E53D75F00CA42583F583E5822E027886C8
:1077D500E543FD7C006410702AE53EC4F8540FC8EB
:1077E50068FFE53DC454F048FE74AA2FF582740580
:1077F5003EF583C083C082900601E0D082D0832508
:1078050082807EED64184C701F900601E0FF900B9E
:107815009A75F030E53E126773E53D75F030A425A5
:1078250083F583E5822F8059E543FD7C0064207054
:1078350026AE3DE53E7806C333CE33CED8F9246A6D
:10784500F582741D3EF583C083C082900601E0D0A9
:1078550082D0832582802AED64304C600302794B07
:10786500900601E0FF900607E0FCA3E090352A753D
:10787500F090126773EC75F090A42583F583E5828B
:107885002FF582E43583F583E493FF900605E4F054
:10789500A3EFF0E4900602F0900602E0FFC394081F
:1078A500748094804003027942E5447041FE04A847
:1078B50007088005C333CE33CED8F9FF900605E01F
:1078C5005EFEA3E05F4E6006AF40AE3F8004AF4270
:1078D500AE4112A75D900604E004F0900609E0FFB2
:1078E500900604E08FF084E5F07049F0804F900633
:1078F50002E0FF7E007401A807088005C333CE337C
:10790500CED8F9FF900605E05EFEA3E05F4E600B62
:10791500AB40AA3FAD3CAF3B12A555053B900603D6
:10792500E0FFC3E53B9FFE900609E0B506068F3BE9
:10793500053C8009900602E004F002789D9006015E
:06794500E004F00277A34C
:01794B002219
:10A0FC008F308D318B328A338934AB32AA33A93409
:10A10C001265326031FB7A0085353F8536408537E4
:10A11C0041853842853943853A44AD31AF301277A9
:10A12C001D74012534F534E43533F533E539C313A7
:07A13C002530F53080C4223C
:048BE1008E238F242C
:108BE500AE02EB7803CEC313CE13D8F99005F4F09B
:108BF500E5242BCFE5233ACF24FFFBEF34FFFAE53D
:108C05002A2DCFE5293CCF24FFF556EF34FFF55546
:108C1500AF24AE23129F8BE49005F1F09005F4E0AC
:108C2500FF9005F1E0C39F5078E4A3F09005F2E0D2
:108C3500C3952AE495295060AB2BAA2CA92D126562
:108C450032FF9005F5E4F0A3EFF0E49005F3F09022
:108C550005F3E0C394087480948050299005F6E0EC
:108C650030E706AF2FAE2E8004AF31AE3012A75DD0
:108C75009005F6E025E0F09005F5E033F09005F37A
:108C8500E004F080CA7401252DF52DE4352CF52C72
:108C95009005F2E004F080949005F1E004F0028C78
:018CA50021AD
:018CA60022AB
:10004600EF14601814602624027047752900752A7B
:100056001E752BFF752C3B752D5A80207529007552
:100066002A1E752BFF752C3B752DB4800F75290044
:10007600752A1E752BFF752C3C752D0E74FFF52EFB
:10008600F52FE4F530F5317B18FAFDFC7F05FE12FD
:030096008BE122D9
:0B9AA5004806965959232803002606A6
:109D3D00E4FD7F8E12A703900696E0FD7F8012A7AB
:109D4D0003900697E0FD7F8212A703900698E0FD31
:109D5D007F8412A703900699E0FD7F8612A70390DA
:109D6D00069AE0FD7F8812A70390069BA3E0FD7F76
:109D7D008C12A70390069DE0FD7F8A12A7037DB587
:0C9D8D007F9012A7037D807F8E02A70349
:10A020007F8112A7B9900696EFF07F8312A7B990AF
:10A030000697EFF07F8512A7B9900698EFF07F871B
:10A0400012A7B9900699EFF07F8912A7B990069AE6
:10A05000EFF07F8D12A7B990069BE4F0A3EFF07F9D
:0AA060008B12A7B990069DEFF022C5
:108B0300E4F52212A02090069AE0FFC4540F75F0FA
:108B13000AA4FEEF540F2EFDD3940074809480407A
:108B230009ED940D74809480400375220190069999
:108B3300E0FFC4540F75F00AA4FEEF540F2EFD7C22
:108B430000D39400748094804009ED942074809441
:108B5300804003752201900698E0FFC4540F75F01E
:108B63000AA4FEEF540F2EC394187480948040031C
:108B7300752201900697E0FFC4540F75F00AA4FE16
:108B8300EF540F2EC3943C748094804003752201EC
:108B9300900696E0FFC4540F75F00AA4FEEF540F3D
:108BA3002EC3943C748094804003752201E52260B7
:108BB3002C90069BE4F0A37423F090069A7411F0B2
:108BC3009006997423F0900698F09006977459F0E4
:0D8BD300900696F090069D7404F0129D3DF2
:018BE0002272
:10A5CD00EFC4540F2430126578EF540F24309000EF
:0BA5DD000112658A900002E402658A0A
:0EA78700E490069EF09006A0F090069FF0224F
:10A255007B017A0679A1120003EF600D90069EE05E
:10A26500700204F0E49006A0F090069EE060209055
:10A2750006A0E004F0E064C87007F090069EF0A325
:10A28500F090069EE0640170067402F0E4A3F022EB
:109EA00090069EE064027046A3E0704204F09006C3
:109EB000A2E0126578740129F9E43AFA9006A3E069
:109EC000126578740129F9E43AFA9006A4E0126563
:109ED00078740129F9E43AFA9006A5E012657890C1
:109EE00006A274FFF0A3F0A3F0A3F07F01227F008D
:019EF000224F
:0400D600FFFFFFFF2A
:0BA7C40090068B7413F0A37488F02241
:109EF10078227C007D007BFF7A0079D67E007F048A
:109F010012650C90068BE07002A3E0603190068C24
:109F1100E004F0700690068BE004F0D390068CE02C
:109F2100948890068BE0941340147B007A00792288
:0E9F31007DFF7FFF12A143E490068BF0A3F0AA
:019F3F0022FF
:10A14300E4900683F0A3EFF0E4A3F0A3EDF012652F
:10A1530032900687F090000112654B900688F090CC
:10A16300000212654B900689F090000312654B9034
:10A17300068AF07B017A0679837D0812948A900619
:07A183008BE4F0A304F022BD
:1000DE008E0E8F0F8B108A11891212A7CF7FA0124E
:1000EE00A76B12A7D8E50EFF12A76B12A7D8AF0FFA
:1000FE0012A76B12A7D8AB10AA11A912126532FF64
:09010E0012A76B12A7D802A7E1A9
:047D43008A378B38B8
:107D4700900606EEF0A3EFF08C398D3A543FFF60B2
:107D570024C374409FFFE49400FE900601F0A3EF54
:107D6700F0D39538EE95374013900601E537F0A329
:107D7700E538F08007E4900601F0A3F0900601E0F3
:107D87007002A3E0605B12A7CF7FA012A76B12A7B8
:107D9700D8900606E0FF12A76B12A7D8900606A395
:107DA700E0FF12A76B12A7D8E49005FEF09005FE3E
:107DB700E0FFD3900602E09F900601E09400401E8A
:107DC700853A82853983E0FF12A76B12A7D8053A57
:107DD700E53A700205399005FEE004F080CF12A75E
:107DE700E1900601E0FCA3E0FDFFC3E5389F9006A4
:107DF70004F0E0FFC413135403FE900603F0EF549E
:107E07003F900605F0900607E02DF0900606E03C4F
:107E1700F0EE7003027E9BE49005FEF0900603E00F
:107E2700FF9005FEE0C39F506B12A7CF7FA012A75C
:107E37006B12A7D8900606E0FF12A76B12A7D8907F
:107E47000606A3E0FF12A76B12A7D8E49005FFF080
:107E57009005FFE0C3944074809480501E853A8259
:107E6700853983E0FF12A76B12A7D8053AE53A7068
:107E77000205399005FFE004F080D512A7E19006CE
:107E870007E02440F0900606E03400F09005FEE09D
:107E970004F08088900605E0606712A7CF7FA012E4
:107EA700A76B12A7D8900606E0FF12A76B12A7D8F8
:107EB700900606A3E0FF12A76B12A7D8E49006006E
:107EC700F0900605E0FF900600E0C39F501E853A3C
:107ED70082853983E0FF12A76B12A7D8053AE53AE6
:107EE70070020539900600E004F080D512A7E190F2
:107EF7000605E0FF900607E02FF0900606E0340045
:017F0700F089
:017F08002256
:10A1D0008E138F148B158A16891712A7CF7FA012A2
:10A1E000A76B12A7D8E513FF12A76B12A7D8AF145D
:10A1F00012A76B12A7D812A7CF7FA112A76B12A725
:10A20000D812A73FAB15AA16A917EF12657812A7A7
:04A210004E02A7E172
:0C96BA008E228F238C248D258A268B277E
:1096C60012A7CF7FA012A76B12A7D8E522FF12A779
:1096D6006B12A7D8AF2312A76B12A7D812A7CF7FFA
:1096E600A112A76B12A7D8E49005ECF0A3F0E5272A
:1096F60024FFFFE52634FFFEC39005EDE09F9005AD
:10970600ECE09E502612A73F852582852483EFF044
:1097160012A7790525E525700205249005EDE004DC
:10972600F070CB9005ECE004F080C312A73F8525CE
:0C97360082852483EFF012A74E02A7E109
:10589500323032332D31312D31330020202020207C
:1058A500202020202000323020202D20202D2020D7
:1058B5000020202020202020202020202020202003
:1058C50020200049443A003A004E6F205573657216
:1058D500200050415353574F524400202020202090
:1058E5002020200041444D494E5F49443A002000A4
:1058F500206572726F722020002A002020204D45FD
:105905004E55202020002020312E446174652654F8
:10591500696D652020202020002020322E416464FE
:105925002055736572202020202020002020332E52
:1059350055736572204D616E6167652020200020DA
:1059450020342E53657474696E6720202020202032
:1059550020002020352E486973746F72792020202D
:105965002020003E200020200044617465265469F3
:105975006D6500446174653A202020202020202098
:105985000054696D653A2020202020202020002029
:105995002020202020200020536574205375636348
:1059A50065737366756C2000202020202020202040
:1059B50020202020202020200020496E76616C695F
:1059C50064206461746120202000202020466169E4
:1059D5006C202020202020202020004164642055B8
:1059E500736572002020537769706520726669645B
:1059F5002020202000202057616974696E672E2EB3
:105A05002E202000202020202020202020202020A3
:105A1500202020202020202000416464207573650B
:105A25007220747970653A003E2041646D696E207C
:105A35002020202020200020204E6F726D616C20D8
:105A450020202020200041646420524649442063E0
:105A55006172647320004164642050617373776FD1
:105A65007264202000416464204E6577205573657B
:105A750072202020200020207375636365737320D6
:105A85002000202020202020202020202020200051
:105A9500524649442049443A202020200068617636
:105AA50065206265656E2053747564790020202039
:105AB500204572726F722E2E2E202020003E00553A
:105AC50053455220494E464F004E6F2075736572FF
:105AD50020200020202020202020202020200049D8
:105AE500443A202020202020202020005479706571
:105AF5003A202020202020200050617373776F7298
:105B0500643A20202000524649443A202020202093
:105B15002020003E2044656C6574652055736572D0
:105B25003F0041646D696E73747261746F720055E4
:105B35007365722020202020202020002D2D2D2D62
:105B45000057616E7420746F2064656C6574653FE1
:105B5500005570646174652E2E0053455454494EAA
:105B6500472020002020466163746F7279205265BA
:105B75007365740020205747204F75747075742025
:105B85002020200020204D6F64427573204F7574CE
:105B95007075740020526573746F72652053657457
:105BA50074696E67733F00205747204F7570757491
:105BB5003F20202020002020204F70656E202020CF
:105BC50020202020202000202020436C6F7365209A
:105BD50020202020202020004D6F64427573204F27
:105BE50075747075743F0020204F70656E202020FD
:105BF50020202020002020436C6F7365202020206A
:105C050020200020202020202020202020202000CF
:105C1500484953544F5259004E6F205265636F7275
:105C25006420200049443A202020202020202020E4
:105C3500202000555345523A2020202020202020A6
:105C45002000446174653A20202020202020005443
:105C5500696D653A20202020202020004F70656E58
:105C650020427920436F6465004F70656E2042794C
:105C75002052464944004F70656E204279204B659D
:035C850079200083
:109AB0004205810000420583000042058500004206
:109AC000058B000042058D000042058F0000420515
:109AD000960000420598000041059A004205A70043
:109AE000004105A9004205B200004205B400004251
:049AF00005C50000A8
:10A18A001292349005CF7401F0A3F0A374FFF090FB
:10A19A0005CCE4F0A374FFF09005CBF09005CAF06B
:10A1AA009005C9F09005C8F09005C7F0FB7A587978
:10A1BA0095F535F536E4F537F53875390CF53A7D08
:06A1CA005A7F3202A0FCE6
:10962F009005CFE014B40900505490964775F0039D
:10963F00A4C58325F0C583730296620296670296CE
:10964F006C02967102967602967B02968002968540
:10965F0002968A125C888026126EBF802112509269
:10966F00801C1274C880171254978012123C6880A5
:10967F000D1244388008124A8380031260739005DC
:10968F00CFE06401602412A7FCC3EF9430EE947511
:10969F00501812A6D3752C00752D80E4F52EF52FDA
:0B96AF007BA0FAFDFCFFFE129C822253
:04A6D3007D017F0185
:0DA6D7009005CFEFF0A3EDF0A374FFF0228B
:0A71DF008F238D248B258A26892733
:1071E90090000312654BFFE4FCFDFE9005FD12675C
:1071F900369005FDE0F8A3E0F9A3E0FAA3E0FBC0AF
:1072090000C001C002C003AB25AA26A9279000022D
:1072190012654BFFE4FCFDFE7808126723D003D00A
:1072290002D001D000EB2FFFEA3EFEE93DFDE83C2C
:10723900FC9005FD1267369005FDE0F8A3E0F9A37F
:10724900E0FAA3E0FBC000C001C002C003AB25AA5D
:1072590026A92790000112654BFFE4FCFDFE78107A
:10726900126723D003D002D001D000EB2FFFEA3EF2
:10727900FEE93DFDE83CFC9005FD1267369005FDF1
:10728900E0F8A3E0F9A3E0FAA3E0FBC000C001C065
:1072990002C003AB25AA26A927126532FFE4FCFD2B
:1072A900FE7818126723D003D002D001D000EB2F4B
:1072B900FFEA3EFEE93DFDE83CFC9005FD1267361C
:1072C9007B007AE4790B78549005FDE0FCA3E0FD9E
:1072D900A3E0FEA3E0FF12667EAC00AD01AE02AFF3
:1072E900037B007ACA799A783B12667EEF24309044
:1072F90005DAF07B007ACA799A783B9005FDE0FCC3
:10730900A3E0FDA3E0FEA3E0FF12667EAC00AD01A1
:10731900AE02AF037B007AE179F5780512667EEF5C
:1073290024309005DBF07B007AE179F5780590054A
:10733900FDE0FCA3E0FDA3E0FEA3E0FF12667EAC46
:1073490000AD01AE02AF037B807A9679987800127E
:10735900667EEF24309005DCF07B807A9679987808
:10736900009005FDE0FCA3E0FDA3E0FEA3E0FF1211
:10737900667EAC00AD01AE02AF037B407A42790F65
:10738900780012667EEF24309005DDF07B407A426A
:10739900790F78009005FDE0FCA3E0FDA3E0FEA3D2
:1073A900E0FF12667EAC00AD01AE02AF037BA07AAE
:1073B900867901780012667EEF24309005DEF07B35
:1073C900A07A86790178009005FDE0FCA3E0FDA391
:1073D900E0FEA3E0FF12667EAC00AD01AE02AF0392
:1073E900E47B107A27F9F812667EEF24309005DFE6
:1073F900F0E47B107A27F9F89005FDE0FCA3E0FDA5
:10740900A3E0FEA3E0FF12667EAC00AD01AE02AFC1
:1074190003E47BE87A03F9F812667EEF24309005DD
:10742900E0F0E47BE87A03F9F89005FDE0FCA3E0DD
:10743900FDA3E0FEA3E0FF12667EAC00AD01AE0243
:10744900AF03E47B64FAF9F812667EEF2430900505
:10745900E1F0E47B64FAF9F89005FDE0FCA3E0FDB6
:10746900A3E0FEA3E0FF12667EAC00AD01AE02AF61
:1074790003E47B0AFAF9F812667EEF24309005E2FC
:10748900F0E47B0AFAF9F89005FDE0FCA3E0FDA31E
:10749900E0FEA3E0FF12667EEB24309005E3F0E402
:1074A900A3F07B017A0579DA74FFF535F536E4F551
:0F74B90037F538753910F53AAD24AF2302A0FC32
:105C88009005D0E064017069F09005CCF0A374FF32
:105C9800F09005CBF09005CAF09005C9F09005C8C2
:105CA800F09005C7F0FB7A5879A0F535F536E4F59C
:105CB80037F53875390CF53A7D5A7F3212A0FC7BDE
:105CC800FF7A5879AB74FFF535F536E4F537F538D2
:105CD80075390CF53A7D5A7F3212A0FC9005837411
:105CE80003F0A374E8F0E4A3F0A3F0900581F0A317
:105CF800F0900581E07002A3E0605A900582E0040C
:105D0800F07006900581E004F0C3900582E094D01D
:105D1800900581E09407403DE4F0A3F07BFF7A58BA
:105D280079B674FFF535F536E4F537F53875391079
:105D3800F53A7D697F0A12A0FC7BFF7A5879B67420
:105D4800FFF535F536E4F537F538753910F53AFDD0
:105D58007F5F12A0FC7B017A0579EC129EA0EF70A0
:105D680003025E407B017A0579EC1285D68F22EF1B
:105D7800F47003025E40900581E4F0A304F09005FE
:105D880085E4F0A304F012011EE52204FF7D011250
:105D9800A0B412A2147F107E2712A795E522240131
:105DA800FBE433FA7C007D0AAF03FE1265ACEF24F6
:105DB80030781BF67C007D0AAF03AE021265ACEDAD
:105DC8002430781CF6E408F67BFF7A5879C874FF0B
:105DD800F535F536E4F537F538753910F53A7D6956
:105DE8007F0A12A0FC7B007A00791B74FFF535F559
:105DF80036E4F537F538753910F53A7D697F2312A1
:105E0800A0FC7B017A0579EC7D697F3C1271DF7F0C
:105E180001129C20900001E070097B017A0579ED60
:105E28001292D2900000E0700FE52204FF7B017A05
:105E38000579EC7D0112A143900585E07002A3E08D
:105E48006048900586E004F07006900585E004F04F
:105E5800900585E07004A3E0640A7003FF800E904B
:105E68000585E0B4010CA3E0B4F4077F01120046F5
:105E78008018900585E0B40711A3E0B4D00C7F0228
:105E8800120046E4900585F0A3F0900584E004F044
:105E98007006900583E004F0C3900584E094E890D0
:105EA8000583E094034007E4F0A3F012A0209006D5
:105EB80098E0FF9005C9E06F6028EFF07B007A005A
:105EC800791B12A5CD7B007A00791B74FFF535F597
:105ED80036E4F537F538753920F53A7D287F2312F1
:105EE800A0FC900697E0FF9005C8E06F604AEFF0CD
:105EF8007BFF7A5879CC74FFF535F536E4F537F53C
:105F080038753920F53A7D257F4112A0FC9005C8E7
:105F1800E0FF7B007A00791B12A5CD7B007A00791F
:105F28001B74FFF535F536E4F537F538753920F586
:105F38003A7D287F5012A0FC900696E0FF9005C796
:105F4800E06F6028EFF07B007A00791B12A5CD7B0B
:105F5800007A00791B74FFF535F536E4F537F53826
:105F680075390CF53A7D447F8712A0FC90069BE0BA
:105F7800FEA3E0FF9005CCE06E7003A3E06F602EF7
:105F88009005CCEEF0A3EFF07B007A00791B12A508
:105F9800CD7B007A00791B74FFF535F536E4F537CB
:105FA800F53875390CF53A7D5A7F3E12A0FC9006FB
:105FB8009AE0FF9005CBE06F6028EFF07B007A0055
:105FC800791B12A5CD7B007A00791B74FFF535F596
:105FD80036E4F537F53875390CF53A7D5A7F5012A5
:105FE800A0FC900699E0FF9005CAE06F6028EFF0EA
:105FF8007B007A00791B12A5CD7B007A00791B748F
:10600800FFF535F536E4F537F53875390CF53A7D91
:106018005A7F6212A0FC12A7F39005D1EFF0F4604A
:1060280049E024FD603F24F4601F2403703C752C74
:1060380000752D80E4F52EF52F7BA0FAFDFCFFFE00
:10604800129C827D017F028019752C00752D80E4D9
:10605800F52EF52F7BA0FAFDFCFFFE129C827D0138
:0A6068007F0302A6D77F03129C20DD
:01607200220B
:10509200E4F525FF9005D0E064016003025179F048
:1050A2007B017A05799112892BEF702590058F7417
:1050B20003F0A374E8F07BFF7A5879CE74FFF535DC
:1050C200F536E4F537F538753918F53A7D0A0251A7
:1050D200F17BFF7A5879D774FFF535F536E4F53769
:1050E200F538753918F53A7D247F1E12A0FC753605
:1050F2000075375C74FFF538F5397B287A007D5CE2
:105102007C007F147E0012833C75360075375C7418
:10511200FFF538F5397B4B7A007D5C7C007F377E6A
:105122000012833C75360075375C74FFF538F5392B
:105132007B6E7A007D5C7C007F5A7E0012833C7518
:10514200360075375C74FFF538F5397B917A007D4E
:105152005C7C007F7D7E0012833CE49005D3F0FEF0
:105162007F04FD7B017A057987126785E490058BC0
:10517200F0A3F0A3F0A3F090058FE07002A3E0602B
:1051820034900590E024FFF090058FE034FFF0E0CA
:105192007002A3E060030254967D017F0612A6D737
:1051A200752C00752D80E4F52EF52F7BA0FA1DFCE1
:1051B200FFFE029C8290058BE07002A3E0603590B6
:1051C200058CE024FFF090058BE034FFF0E07002E4
:1051D200A3E060030254967BFF7A5879E074FFF5EE
:1051E20035F536E4F537F538753918F53A7D417FEE
:1051F2002802A0FC90058DE07002A3E060329005C9
:105202008EE024FFF090058DE034FFF0E07002A301
:10521200E06003025496F52C752D80F52EF52F7B58
:10522200A0FAFDFCFFFE129C827D017F0402A6D73C
:105232007B017A0579EC129EA0EF70030252DC7BAF
:10524200017A0579EC1285D6AB07EB7E00C3940593
:105252007480948040030252DCEF2401FFEE33FE9F
:105262007C007D0A1265ACEF2430F522EB2401FFAD
:10527200E433FE7C007D0A1265ACED2430F523E4B4
:10528200F524F52C752D80F52EF52F7BA0FA7D40A7
:10529200FCFFFE129C827BFF7A5879E974FFF53598
:1052A200F536E4F537F538753910F53A7D507F1942
:1052B20012A0FC7B007A00792274FFF535F536E402
:1052C200F537F538753910F53A7D507F6412A0FC38
:1052D20090058D7407F0A374D0F012A7F39005D156
:1052E200EFF0F470030254967525FFE0B41000400D
:1052F200030254479052FDF828287302532D02539B
:105302003302533902544702533F02534502534B6F
:1053120002544702535102535702535D025447024B
:1053220053690253630253B00253CB7525010254F1
:105332004775250202544775250302544775250413
:1053420002544775250502544775250602544775D0
:10535200250702544775250802544775250902544A
:1053620047E4F5250254479005D3E0D394007480B6
:1053720094805003025447E014F0E0FF2487F58242
:10538200E43405F58374FFF0EF75F023A42418FFCD
:105392007BFF7A5879F374FFF535F536E4F537F586
:1053A20038753918F53A7D4112A0FC025447752C24
:1053B20000752D80E4F52EF52F7BA0FAFDFCFFFE93
:1053C200129C827D017F01802E9005D3E0640470DF
:1053D2002B7B017A057987128E25EFF4601E752CDE
:1053E20000752D80E4F52EF52F7BA0FAFDFCFFFE63
:1053F200129C827D017F0412A6D780497BFF7A58D6
:1054020079B674FFF535F536E4F537F538753918A0
:10541200F53A7D417F1812A0FC7BFF7A5879F5742A
:10542200FFF535F536E4F537F538753918F53A7D77
:10543200417F2812A0FC90058B7407F0A374D0F072
:10544200E49005D3F0C3E525940A74809480504417
:105452009005D3E0C39404748094805037E0FF2415
:1054620087F582E43405F583E525F0EF75F023A492
:105472002418FF7BFF7A5879FE74FFF535F536E480
:10548200F537F538753918F53A7D4112A0FC9005CB
:04549200D3E004F06F
:0154960022F3
:106EBF00E4F5229005D0E064016003026F74F07B6B
:106ECF00FF7A5879D774FFF535F536E4F537F5388D
:106EDF00753918F53A7D247F1E12A0FC75360075A2
:106EEF00375C74FFF538F5397B287A007D5C7C00C0
:106EFF007F147E0012833C75360075375C74FFF586
:106F0F0038F5397B4B7A007D5C7C007F377E001231
:106F1F00833C75360075375C74FFF538F5397B6E39
:106F2F007A007D5C7C007F5A7E0012833C753600B0
:106F3F0075375C74FFF538F5397B917A007D5C7C91
:106F4F00007F7D7E0012833CE49005D3F0FE7F042A
:106F5F00FD7B017A057992126785E4900596F0A37F
:106F6F00F0A3F0A3F0900596E07002A3E0603590D7
:106F7F000597E024FFF0900596E034FFF0E07002F3
:106F8F00A3E060030271DE7BFF7A5879E074FFF5AE
:106F9F0035F536E4F537F538753918F53A7D417F13
:106FAF002802A0FC900598E07002A3E060329005E3
:106FBF0099E024FFF0900598E034FFF0E07002A311
:106FCF00E060030271DEF52C752D80F52EF52F7B19
:106FDF00A0FAFDFCFFFE129C827D017F0102A6D765
:106FEF007B017A0579EC129EA0EF60227B017A0576
:106FFF0079EC1285D6EFF46015EF04FF7D0112A036
:10700F00B412011E9005987403F0A374E8F012A750
:10701F00F39005D1EFF0F470030271DE7522FFE0FB
:10702F00B41000400302718F90703EF8282873024D
:10703F00706E02707402707A02718F02708002702B
:10704F008602708C02718F02709202709802709E8D
:10705F0002718F0270AA0270A40270F102710C7596
:10706F00220102718F75220202718F752203027144
:10707F008F75220402718F75220502718F7522069A
:10708F0002718F75220702718F75220802718F7539
:10709F00220902718FE4F52202718F9005D3E0D39C
:1070AF00940074809480500302718FE014F0E0FF1D
:1070BF002492F582E43405F58374FFF0EF75F02325
:1070CF00A42418FF7BFF7A5879F374FFF535F53652
:1070DF00E4F537F538753918F53A7D4112A0FC0201
:1070EF00718F752C00752D80E4F52EF52F7BA0FA8E
:1070FF00FDFCFFFE129C8212A6D302718F7B017AD8
:10710F00057992128E259005D3E064047029EFF46F
:10711F006025EF04FFE4FD12A0B4752C00752D80DF
:10712F00E4F52EF52F7BA0FAFDFCFFFE129C8212D8
:10713F00A6D312011E80497BFF7A5879B674FFF5EA
:10714F0035F536E4F537F538753918F53A7D417F61
:10715F001812A0FC7BFF7A5879F574FFF535F536D8
:10716F00E4F537F538753918F53A7D417F2812A0C7
:10717F00FC9005967407F0A374D0F0E49005D3F05B
:10718F00C3E522940A7480948050449005D3E0C3E1
:10719F009404748094805037E0FF2492F582E43495
:1071AF0005F583E522F0EF75F023A42418FF7BFF8C
:1071BF007A5879FE74FFF535F536E4F537F53875FD
:0F71CF003918F53A7D4112A0FC9005D3E004F089
:0171DE00228E
:1074C800E4F5229005D0E0FF7E0064016008EF64D7
:1074D8000260030275C8EF64014E700490059AF0CB
:1074E800E49005D0F090059AE09005D3F07BFF7A00
:1074F80059790074FFF535F536E4F537F5387539FF
:1075080018F53AFD7F1C12A0FC7BFF7A59790B74A1
:10751800FFF535F536E4F537F538753910F53A7D68
:10752800187F0A12A0FC7BFF7A59791E74FFF53583
:10753800F536E4F537F538753910F53A7D2C7F0ABC
:1075480012A0FC7BFF7A59793174FFF535F536E4E2
:10755800F537F538753910F53A7D407F0A12A0FCE9
:107568007BFF7A59794474FFF535F536E4F537F53C
:1075780038753910F53A7D547F0A12A0FC7BFF7AE2
:1075880059795774FFF535F536E4F537F538753917
:1075980010F53A7D687F0A12A0FC9005D3E075F0DB
:1075A80014A42418FD7BFF7A59796874FFF535F522
:1075B80036E4F537F538753910F53A7F0A12A0FC2C
:1075C80012A7F39005D1EFF0F4700302771C75222F
:1075D800FFE024F5601024FD601114602924087070
:1075E8004A75220B804575220C8040752C00752D3C
:1075F80080E4F52EF52F7BA0FAFDFCFFFE129C829D
:107608007D017F018022752C00752D80E4F52EF513
:107618002F7BA0FAFDFCFFFE129C829005D3E09020
:10762800059AF02405FF7D0112A6D7AF227E00EF50
:10763800640B700F9005D3E070037405F09005D3C8
:10764800E014F0EF640C4E700C9005D3E004F0E009
:1076580064057001F0E522F4700302771C7BFF7A61
:1076680059796B74FFF535F536E4F537F538753922
:1076780010F53A7D187F0A12A0FC7BFF7A59796BC6
:1076880074FFF535F536E4F537F538753910F53A00
:107698007D2C7F0A12A0FC7BFF7A59796B74FFF569
:1076A80035F536E4F537F538753910F53A7D407F0C
:1076B8000A12A0FC7BFF7A59796B74FFF535F53611
:1076C800E4F537F538753910F53A7D547F0A12A07C
:1076D800FC7BFF7A59796B74FFF535F536E4F5379D
:1076E800F538753910F53A7D687F0A12A0FC9005C7
:1076F800D3E075F014A42418FD7BFF7A59796874D7
:10770800FFF535F536E4F537F538753910F53A7F74
:047718000A12A0FCB5
:01771C00224A
:1067E7008F228D23E52424309005DAF0E525243027
:1067F700A3F0A3742DF0E5262430A3F0E527243079
:10680700A3F0A3742DF0E5282430A3F0E529243064
:10681700A3F0E4A3F0E5237035E52224FE60151408
:10682700601714601914601B14601D2405701F90F5
:1068370005DA80179005DB80129005DD800D900545
:10684700DE80089005E080039005E17420F07B016D
:106857007A0579DA74FFF535F536E4F537F53875E5
:106867003910F53A7D2C7F3A12A0FCE52A243090A6
:1068770005DAF0E52B2430A3F0A3743AF0E52C24D5
:1068870030A3F0E52D2430A3F0A3743AF0E52E24CD
:1068970030A3F0E52F2430A3F0E4A3F0E52370350F
:1068A700E52224F8601514601714601914601B148E
:1068B700601D2405701F9005DA80179005DB801294
:1068C7009005DD800D9005DE80089005E08003903F
:1068D70005E17420F07B017A0579DA74FFF535F567
:1068E70036E4F537F538753910F53A7D547F3A12A5
:1068F700A0FC75360075373CE4F538F5397B41FA6D
:106907007D3CFC7F3AFE12833C75360075373CE4CC
:10691700F538F5397B4AFA7D3CFC7F43FE12833C10
:1069270075360075373CE4F538F5397B58FA7D3C08
:10693700FC7F51FE12833C75360075373CE4F53811
:10694700F5397B61FA7D3CFC7F5AFE12833C753634
:106957000075373CE4F538F5397B70FA7D3CFC7FF0
:1069670069FE12833C75360075373CE4F538F53916
:106977007B79FA7D3CFC7F72FE12833C753600758D
:106987003764E4F538F5397B41FA7D64FC7F3AFEDC
:1069970012833C753600753764E4F538F5397B4A60
:1069A700FA7D64FC7F43FE12833C753600753764BD
:1069B700E4F538F5397B58FA7D64FC7F51FE128384
:1069C7003C753600753764E4F538F5397B61FA7D37
:1069D70064FC7F5AFE12833C753600753764E4F514
:1069E70038F5397B70FA7D64FC7F69FE12833C754C
:1069F7003600753764E4F538F5397B79FA7D64FC40
:106A07007F72FE12833CE5237003026B629005D30D
:106A1700E014B40C004003026B62906A2F75F00318
:106A2700A4C58325F0C58373026A53026A67026AA5
:106A37007B026A90026AA5026ABA026ACF026AE713
:106A4700026AFF026B17026B2F026B4775360075E0
:106A5700373C74FFF538F5397B417A007D3C807A05
:106A670075360075373C74FFF538F5397B4A7A007F
:106A77007D3C807E75360075373C74FFF538F539F7
:106A87007B587A007D3C026B1175360075373C7474
:106A9700FFF538F5397B617A007D3C026B29753645
:106AA7000075373C74FFF538F5397B707A007D3C0B
:106AB700026B4175360075373C74FFF538F5397B45
:106AC700797A007D3C026B5975360075376474FF1F
:106AD700F538F5397B417A007D647C007F3A807612
:106AE70075360075376474FFF538F5397B4A7A00D7
:106AF7007D647C007F43805E75360075376474FF64
:106B0700F538F5397B587A007D647C007F518046E3
:106B170075360075376474FFF538F5397B617A008F
:106B27007D647C007F5A802E75360075376474FF4C
:106B3700F538F5397B707A007D647C007F698016B3
:106B470075360075376474FFF538F5397B797A0047
:0C6B57007D647C007F727E0012833C2273
:1098C100E52475F00AA42525FDD3940074809480C5
:1098D1004009ED940D7480948040037F0022E526B9
:1098E10075F00AA42527FDD3940074809480400963
:1098F100ED94207480948040037F0022E52875F068
:109901000AA42529C394187480948040037F0022FF
:10991100E52A75F00AA4252BC3943C7480948040F9
:10992100037F0022E52C75F00AA4252DC3943C7415
:0A99310080948040037F00227F0134
:01993B002209
:10549700E49005ECF09005D0E06401600302558FBD
:1054A700F07BFF7A59796E74FFF535F536E4F537F9
:1054B700F538753918F53AFD7F1E12A0FC7BFF7A87
:1054C70059797874FFF535F536E4F537F5387539D8
:1054D70010F53A7D2C7F0A12A0FC7BFF7A5979865A
:1054E70074FFF535F536E4F537F538753910F53AC3
:1054F7007D547F0A12A0FC12A02090069BE0FCA31B
:10550700E0FDECC4F854F0C8EDC4540F48540F90B4
:10551700059BF0ED540FA3F090069AE0FDC4540FDD
:1055270090059DF0ED540FA3F0900699E0FDC4544B
:105537000F90059FF0ED540FA3F0900698E0FDC47F
:10554700540F9005A1F0ED540FA3F0900697E0FDDE
:10555700C4540F9005A3F0ED540FA3F0900696E006
:10556700FDC4540F9005A5F0ED540FA3F09005D39B
:105577007401F09005A77403F0A374E8F0A3740115
:10558700F0E49005D8F0A3F09005D8E07002A3E00E
:1055970060329005D9E024FFF09005D8E034FFF0A1
:1055A700E07002A3E06003025894F52C752D80F596
:1055B7002EF52F7BA0FAFDFCFFFE129C827D027F59
:1055C7000402A6D79005A8E004F070069005A7E0AE
:1055D70004F0D39005A8E094F49005A7E094014067
:1055E70033E4F0A3F0A3E070047F0180027F009012
:1055F70005A9EFF0FDC00578247C007D007B017ACA
:1056070005799B7E007F0C12650C9005D3E0FFD0D7
:10561700051267E712A7F39005D1EFF0F4700302C4
:1056270058949005EC74FFF09005D1E0B410004059
:1056370003025825905642F82828730257D8025774
:10564700E00257E80258250257F00257F8025800BF
:1056570002567202580802581002581802567B0266
:1056670058250258200256840256AA9005EC740B5E
:10567700F00258259005EC740CF00258257BFF7A50
:1056870059799474FFF535F536E4F537F5387539FA
:1056970018F53AFD7F1C12A0FC7D027F0412A6D7E5
:1056A70002582578227C007D007B017A05799B7E54
:1056B700007F0C12650C1298C1EF6401600302575A
:1056C7007EF52C752D80F52EF52F7BA0FAFDFCFFBE
:1056D700FE129C827BFF7A59799C74FFF535F5366B
:1056E700E4F537F538753910F53A7D2C7F0A12A0A5
:1056F700FC7BFF7A5979AD74FFF535F536E4F5375C
:10570700F538753910F53A7D547F0A12A0FC9005DB
:105717009BE075F010A4FFA3E07C002FFEEC35F0B2
:1057270090069BF0A3CEF090059DE0C454F0FFA334
:10573700E02F90069AF090059FE0C454F0FFA3E095
:105747002F900699F09005A1E0C454F0FFA3E02F35
:10575700900698F09005A3E0C454F0FFA3E02F90C3
:105767000697F09005A5E0C454F0FFA3E02F90063C
:1057770096F0129D3D804F752C00752D80E4F52E17
:10578700F52F7BA0FAFDFCFFFE129C827BFF7A5966
:1057970079BE74FFF535F536E4F537F53875391008
:1057A700F53A7D2C7F0A12A0FC7BFF7A5979CF74DA
:1057B700FFF535F536E4F537F538753910F53A7DE7
:1057C700547F0A12A0FC9005D87405F0A374DCF08E
:1057D700229005EC7401F080459005EC7402F0808E
:1057E7003D9005EC7403F080359005EC7404F0806F
:1057F7002D9005EC7405F080259005EC7406F0807B
:105807001D9005EC7407F080159005EC7408F08086
:105817000D9005EC7409F08005E49005ECF0900517
:10582700ECE0C3940A7480948050297B017A05794F
:105837009BE0FF9005D3E07C0024FFF582EC34FF6A
:10584700F583EF12658A9005D3E004F0E0640D70EC
:105857003C04F0229005ECE0FF640B6005EF640C5C
:10586700702B9005ECE0FF7E00640B700D9005D364
:10587700E014F0E07017740CF022EF640C4E700D1A
:0D5887009005D3E004F0E0640D700204F021
:0158940022F1
:103C6800E4F5229005D0E06401705CF07BFF7A599E
:103C780079E074FFF535F536E4F537F53875391818
:103C8800F53AFD7F2812A0FC9005D57401F0E49068
:103C980005D7F09005D3F09005B4744EF0A37420C6
:103CA800F0E49005B2F0A3F07B017A0579B6FF1233
:103CB800892B9005B8EFF07B017A0579B77F01125F
:103CC800892B9005B9EFF09005B2E07002A3E0707F
:103CD80003023D719005B3E024FFF09005B2E03493
:103CE800FFF0E07002A3E060030244379005D7E0DC
:103CF800640170457BFF7A5979E974FFF535F5362B
:103D0800E4F537F538753910F53A7D327F1412A08D
:103D1800FC7BFF7A5979FA74FFF535F536E4F53707
:103D2800F538753910F53A7D467F1412A0FC9005D8
:103D3800B4744EF0A37420F0229005D7E0640360B9
:103D4800030244377403F09005D57401F07BFF7AC1
:103D58005A790974FFF535F536E4F537F5387539CC
:103D680010F53A7D3CFF0244349005B4E07002A39C
:103D7800E060219005B5E024FFF09005B4E034FF41
:103D8800F0E07002A3E0700C9005D77404F0900581
:103D9800D57401F09005D5E070030240BBE4F090C3
:103DA80005D7E0147003023EB6147003023F1014E6
:103DB8007003023FC714700302408B24046003029F
:103DC80040BB7BFF7A5A791E74FFF535F536E4F56A
:103DD80037F538753910F53A7D1E7F0A12A0FC7B3D
:103DE800FF7A5A792D74FFF535F536E4F537F5384D
:103DF800753910F53A7D327F1412A0FC7BFF7A5A90
:103E0800793C74FFF535F536E4F537F53875391032
:103E1800F53A7D467F1412A0FC9005B4744EF0A3C9
:103E28007420F09005B8E0FD75F00A842430900500
:103E3800DAF0ED75F00A84E5F02430A3F0A3742FCE
:103E4800F0A37435F0E4A3F07B017A0579DA74FF06
:103E5800F535F536E4F537F538753910F53A7D322C
:103E68007F5812A0FC9005B9E0FD75F00A84243053
:103E78009005DAF0ED75F00A84E5F02430A3F0A39C
:103E8800742FF0A37435F0A37430F0E4A3F07B0131
:103E98007A0579DA74FFF535F536E4F537F53875CE
:103EA8003910F53A7D467F5812A0FC0240BB7BFFD3
:103EB8007A5A794B74FFF535F536E4F537F53875E8
:103EC8003910F53A7D1E7F0A12A0FC7BFF7A5979DA
:103ED800E974FFF535F536E4F537F538753910F539
:103EE8003A7D327F1412A0FC7BFF7A5979FA74FF6D
:103EF800F535F536E4F537F538753910F53A7D4678
:103F08007F1412A0FC023FBA7BFF7A5A795B74FFD8
:103F1800F535F536E4F537F538753910F53A7D1E7F
:103F28007F0A12A0FC7BFF7A5A790974FFF535F5F0
:103F380036E4F537F538753910F53A7D3CFF12A0AF
:103F4800FC75360075375A74FFF538F5397B377AC2
:103F5800007D5A7C007F287E0012833C75360075F0
:103F6800375A74FFF538F5397B507A007D5A7C0052
:103F78007F417E0012833C75360075375A74FFF511
:103F880038F5397B697A007D5A7C007F5A7E0012A9
:103F9800833C75360075375A74FFF538F5397B82DE
:103FA8007A007D5A7C007F737E0012833CE4900582
:103FB800D3F09005B4744EF0A37420F00240BB7B9C
:103FC800FF7A5A796A74FFF535F536E4F537F5382E
:103FD800753910F53A7D1E7F0A12A0FC7BFF7A5ACC
:103FE800797B74FFF535F536E4F537F5387539180A
:103FF800F53A7D447F0A12A0FC9005B27403F0A341
:1040080074E8F09005D77404F09005D57401F09029
:1040180005BAE060030240BB9005ECF09005ECE0C7
:10402800C3940474809480503DE0FF24AAF582E490
:104038003405F583E0FE74EF2FF582E43405F5834B
:10404800EEF09005ECE0FF24AEF582E43405F5834C
:10405800E0FE74F32FF582E43405F583EEF0900565
:10406800ECE004F080B678247C007D007B017A05C2
:1040780079ED7E007F0A12650C9005B6E0FF129379
:10408800F98030752C00752D80E4F52EF52F7BA076
:10409800FAFDFCFFFE129C827B017A0579B6E4FFEB
:1040A80012892BEF70067D017F0180047D027F0459
:1040B80012A6D79005D7E0640160030242037B0192
:1040C8007A0579AE129EA0EF70030242037B017A53
:1040D8000579AE1285D6EFF460030241BF9005BAA8
:1040E800E0640170569005D77403F0E49005ECF095
:1040F8009005ECE0C39404748094805021E0FF2480
:10410800AEF582E43405F583E0FE74F92FF582E418
:104118003405F583EEF09005ECE004F080D27824C5
:104128007C007D007B017A0579F77E007F061265A9
:104138000C9005B7E0FF12993C80069005D77402F1
:10414800F09005D57401F07BFF7A5A798774FFF5F2
:1041580035F536E4F537F538753910F53A7D327F9F
:104168001412A0FC7BFF7A5A798774FFF535F5366F
:10417800E4F537F538753910F53A7D467F1412A005
:10418800FC7BFF7A5A799574FFF535F536E4F537F7
:10419800F538753910F53A7D3C7F0A12A0FC7B0191
:1041A8007A0579AE7D3C7F4C1271DF9005B27407B9
:1041B800F0A374D0F080447BFF7A5A79A274FFF59B
:1041C80035F536E4F537F538753910F53A7D327F2F
:1041D8001412A0FC7BFF7A5A79B274FFF535F536D4
:1041E800E4F537F538753910F53A7D467F1412A095
:1041F800FC9005B27403F0A374E8F012A7F39005DD
:10420800D1EFF0F470030244379005B4744EF0A374
:104218007420F07522FF9005D1E0B410004003022D
:10422800435B904231F828287302426102426702D8
:10423800426D02435B02427302427902427F0242AC
:104248009D02428502428B0242910242A30242A988
:104258000242970242FD02430475220102435B7544
:10426800220202435B75220302435B752204024368
:104278005B75220502435B75220602435B752207C4
:1042880002435B75220802435B75220902435BE423
:10429800F52202435B75220B02435B75220C024335
:1042A8005B9005D3E0D3940074809480500302435C
:1042B8005B9005D7E06402600302435B9005D3E09E
:1042C80014F0E0FF24AAF582E43405F58374FFF0C6
:1042D800EF75F019A4242BFF7BFF7A5879F374FF4C
:1042E800F535F536E4F537F538753910F53A7D4486
:1042F80012A0FC805E9005D7740480509005D7E02A
:1043080024FE603B2402704B9005D3E0FF7E0070D2
:104318000A9005B6E0F47003024437EF64014E706A
:104328000A9005B7E0F470030244379005D3E09093
:1043380005BAF09005D77401F09005D5F080149077
:1043480005D3E06404700C9005D77403F09005D58C
:104358007401F0E522FD7C00C3940A7480948050B7
:104368004D9005D7E0640270459005D3E0C39404EE
:10437800748094805038E0FF24AAF582E43405F56F
:1043880083E522F0EF75F019A4242BFFED2430FB10
:10439800EC33FA74FFF53FF540E4F541F542754317
:1043A80010F5447D4412771D9005D3E004F0AF2248
:1043B800EF640B6005EF640C70759005D7E0706FC3
:1043C8009005D3E0700404F08005E49005D3F07BF9
:1043D800FF7A5879F374FFF535F536E4F537F53893
:1043E800753910F53A7D327F1412A0FC7BFF7A589C
:1043F80079F374FFF535F536E4F537F53875391086
:10440800F53A7D467F1412A0FC9005D3E075F014B0
:10441800A42432FD7BFF7A5A79C274FFF535F5364C
:0F442800E4F537F538753910F53A7F1412A0FC1A
:014437002262
:104438009005D0E0640160030244D9F07BFF7A5A0A
:1044480079C474FFF535F536E4F537F5387539185C
:10445800F53AFD7F1912A0FCE49005D3F07B017AB0
:104468000579BEFF12892B9005C0EFF07B017A0514
:1044780079BF7F0112892B9005C1EFF09005C0E04C
:10448800702EA3E0702A9005BBF0A3F07BFF7A5A48
:1044980079CE74FFF535F536E4F537F5387539100A
:1044A800F53A7D2C7F0A12A0FC9005D77402F02201
:1044B800E49005D8F0A3F09005BD04F09005BBF09A
:1044C800A3F0E49005D7F07F011295A39005C2EF01
:1044D800F09005D8E07002A3E0605E9005D9E02472
:1044E800FFF09005D8E034FFF0E07002A3E060032D
:1044F800024A827BFF7A5879A074FFF535F536E4D5
:10450800F537F538753918F53AFD7F1912A0FC7B97
:10451800FF7A5A79D874FFF535F536E4F537F5386A
:10452800753918F53A7D2C7F0A12A0FC9005BB74EA
:1045380001F0A3F09005D0F0227B017A0579EC1206
:104548009EA0EF60247B017A0579EC1285D6900550
:10455800C2EFF0F460139005BC7401F0FB7A0579A2
:10456800EC1281E79005BDEFF09005BBE070030207
:10457800460DE4F07BFF7A5A79E474FFF535F53699
:10458800E4F537F538753910F53A7D187F0A12A029
:10459800FC7BFF7A5A79F174FFF535F536E4F53787
:1045A800F538753910F53A7D2C7F0A12A0FC7BFF8F
:1045B8007A5A79FE74FFF535F536E4F537F538752E
:1045C8003910F53A7D407F0A12A0FC7BFF7A5B79AF
:1045D8000B74FFF535F536E4F537F538753910F510
:1045E8003A7D547F0A12A0FC7BFF7A5B791874FF2E
:1045F800F535F536E4F537F538753910F53A7D684F
:104608007F0A12A0FC9005BCE0700302487BE4F02E
:104618009005C2E0FFC3940574809480500EEF7536
:10462800F00AA424AAF582E4340480109005C2E0BC
:1046380075F006A424E5F582E5F034FFF583E0FD86
:1046480075F00A8424309005DAF0ED75F00A84E5F7
:10465800F02430A3F0E4A3F07B017A0579DA74FF43
:10466800F535F536E4F537F538753910F53A7D182E
:104678007F3C12A0FC9005BDE0FD75F00A84243053
:104688009005DAF0ED75F00A84E5F02430A3F0A384
:10469800742FF09005C1E0FF9005C0E02FFBE433D4
:1046A800FA7C007D0AAF03FE1265ACEF243090055A
:1046B800DDF07C007D0AAF03AE021265ACED24305C
:1046C800A3F0E4A3F07B017A0579DA74FFF535F5F8
:1046D80036E4F537F538753910F53A7D187F6E12DE
:1046E800A0FC9005C2E0C39405748094807BFF50C1
:1046F800067A5B792780047A5B793474FFF535F59F
:1047080036E4F537F538753910F53A7D2C7F3A12CD
:10471800A0FC9005C2E0C3940574809480507BE0AF
:10472800FD75F00AA424ABF582E43404F583E07542
:10473800F00A84E5F024309005DAF0ED75F00AA46B
:1047480024ACF582E43404F583E075F00A84E5F0DE
:1047580024309005DBF09005C2E075F00AA424AD82
:10476800F582E43404F583E075F00A84E5F024303A
:104778009005DCF0ED75F00AA424AEF582E434046B
:10478800F583E075F00A84E5F024309005DDF0E467
:10479800A3F07B017A0579DA80067BFF7A5B7941A1
:1047A80074FFF535F536E4F537F538753910F53A0F
:1047B8007D407F5012A0FC9005C2E0C39405748030
:1047C8009480504BE0FF75F00AA424AFF582E434DE
:1047D80004F583E09005ECF0EF75F00AA424B0F539
:1047E80082E43404F583E09005EDF09005C2E075AD
:1047F800F00AA424B1F582E43404F583E09005EED0
:10480800F0EF75F00AA424B2F582E43404805090E5
:1048180005C2E0FF75F006A424E6F582E5F034FF52
:10482800F583E09005ECF075F006EFA424E7F58237
:10483800E5F034FFF583E09005EDF09005C2E075F2
:10484800F006A424E8F582E5F034FFF583E090054E
:10485800EEF075F006EFA424E9F582E5F034FFF5F3
:1048680083E09005EFF07B017A0579EC7D547F3782
:104878001271DF12A7F39005D1EFF0F47003024A2A
:1048880082A374FFF09005D1E024F5601614601B34
:1048980024FE601F146024240870269005D2740B2F
:1048A800F0801E9005D2740CF080169005D2740D1D
:1048B800F0800E9005D2740EF080069005D2740F29
:1048C800F09005D7E01470030249B1147003024A4E
:1048D8007324026003024A829005D2E0640B7028B8
:1048E8009005BDE014F0E0700E9005C1E0FF900562
:1048F800C0E02F9005BDF09005BC7401F0A3E0FF67
:104908001295A39005C2EFF09005D2E0640C7039BF
:104918009005BDE004F09005C1E0FF9005C0E02FD0
:10492800FFE433FE9005BDE0D39FEE6480F8748009
:104938009840037401F09005BDE0FF1295A390051F
:10494800C2EFF09005BC7401F09005D2E0640D70E0
:10495800379005D704F0752C00752D80E4F52EF5F9
:104968002F7BA0FAFDFCFFFE129C827BFF7A5B790D
:104978004674FFF535F536E4F537F538753910F531
:104988003A7D407F0A12A0FC9005D2E0640E6003D5
:10499800024A82F52C752D80F52EF52F7BA0FAFDA5
:1049A800FCFFFE129C82024A7B9005D2E0640E70E6
:1049B8002B7BFF7A5879B674FFF535F536E4F53771
:1049C800F538753910F53A7D407F0A12A0FCE4905D
:1049D80005D7F09005BC04F09005BBF09005D2E037
:1049E800640F6003024A829005D7F09005BC04F07A
:1049F8009005BBF09005D87403F0A374E8F07BFF32
:104A08007A5879B674FFF535F536E4F537F5387523
:104A18003910F53A7D407F0A12A0FC7BFF7A5B795A
:104A28005674FFF535F536E4F537F538753918F568
:104A38003A7D2C7F0A12A0FC9005C2E0FFC39405C2
:104A480074809480500EEF75F00AA424A9F582E4CE
:104A5800340480109005C2E075F006A424E4F582C1
:104A6800E5F034FFF583E4F002A06A9005D2E06433
:0A4A78000E70077D027F0412A6D71E
:014A82002211
:104A83007522FF9005D0E06401702FF07BFF7A5B05
:104A9300795F74FFF535F536E4F537F53875391870
:104AA300F53AFD7F2812A0FCE49005D3F09005C5EC
:104AB300F0A3F09005C3F0A304F09005C4E07003E5
:104AC300024B45E4F07BFF7A5B796974FFF535F5BA
:104AD30036E4F537F538753910F53A7D187F0A1243
:104AE300A0FC7BFF7A5B797974FFF535F536E4F545
:104AF30037F538753910F53A7D2C7F0A12A0FC7B07
:104B0300FF7A5B798974FFF535F536E4F537F538C7
:104B1300753910F53A7D407F0A12A0FC9005D3E069
:104B230075F014A42418FD7BFF7A59796874FFF596
:104B330035F536E4F537F538753910F53A7F0A124D
:104B4300A0FC9005C5E07002A3E060369005C6E0C6
:104B530024FFF09005C5E034FFF0E07002A3E060AD
:104B6300030250919005C3F0A304F07BFF7A5979B7
:104B7300AD74FFF535F536E4F537F53875391802B8
:104B83004C8512A7F39005D1EFF0F4700302509116
:104B93007522FFE024F5601024FD601114601324D6
:104BA30008701275220B800D75220C800875220D7A
:104BB300800375220E9005C3E0147003024E7B043C
:104BC3006003025091AF227E00EF640B700F9005DB
:104BD300D3E070037403F09005D3E014F0EF640C9A
:104BE3004E700C9005D3E004F0E064037001F0AF65
:104BF30022EF640D6008EF640E6003024DBE7BFF7D
:104C03007A5879B674FFF535F536E4F537F5387526
:104C13003918F53A7D187F0A12A0FC7BFF7A587980
:104C2300B674FFF535F536E4F537F538753918F50B
:104C33003A7D307F0A12A0FC7BFF7A5879B674FF65
:104C4300F535F536E4F537F538753918F53A7D4815
:104C53007F0A12A0FCE522640D70077D027F040227
:104C6300A6D79005C37401F09005D3E0701B7BFFBA
:104C73007A5B799974FFF535F536E4F537F53875D0
:104C83003910F53A7D3002508C9005D3E064016011
:104C930003024D257BFF7A5B79AC74FFF535F5365E
:104CA300E4F537F538753910F53A7D187F0A12A007
:104CB300FC7BFF7A5B79BB74FFF535F536E4F5379A
:104CC300F538753910F53A7D307F0A12A0FC7BFF69
:104CD3007A5B79CC74FFF535F536E4F537F538753D
:104CE3003910F53A7D487F0A12A0FC900001E0607C
:104CF300089005D47401F08005E49005D4F0900584
:104D0300D4E075F014A42430FD7BFF7A59796874DC
:104D1300FFF535F536E4F537F538753910F53A0210
:104D2300508C9005D3E0640260030250917BFF7ABC
:104D33005B79DD74FFF535F536E4F537F53875390C
:104D430010F53A7D187F0A12A0FC7BFF7A5B79ECA1
:104D530074FFF535F536E4F537F538753910F53A5E
:104D63007D307F0A12A0FC7BFF7A5B79FA74FFF532
:104D730035F536E4F537F538753910F53A7D487F62
:104D83000A12A0FC900000E060089005D47401F0C2
:104D93008005E49005D4F09005D4E075F014A424C4
:104DA30030FD7BFF7A59796874FFF535F536E4F504
:104DB30037F538753910F53A02508CE522F4700353
:104DC3000250917BFF7A59796B74FFF535F536E420
:104DD300F537F538753910F53A7D187F0A12A0FCBE
:104DE3007BFF7A59796B74FFF535F536E4F537F5C2
:104DF30038753910F53A7D2C7F0A12A0FC7BFF7AB7
:104E030059796B74FFF535F536E4F537F5387539AF
:104E130010F53A7D407F0A12A0FC7BFF7A59796B2B
:104E230074FFF535F536E4F537F538753910F53A8D
:104E33007D547F0A12A0FC7BFF7A59796B74FFF5CE
:104E430035F536E4F537F538753910F53A7D687F71
:104E53000A12A0FC9005D3E075F014A42418FD7B7E
:104E6300FF7A59796874FFF535F536E4F537F53887
:104E7300753910F53A02508C9005D3E01470030293
:104E83004F3D147003024F3D24026003025091AF63
:104E930022EF640D6008EF640E60030250917BFF04
:104EA3007A5C790874FFF535F536E4F537F538752E
:104EB3003918F53A7D187F0A12A0FC7BFF7A5C79DA
:104EC3000874FFF535F536E4F537F538753918F517
:104ED3003A7D307F0A12A0FC7BFF7A5C790874FF6D
:104EE300F535F536E4F537F538753918F53A7D4873
:104EF3007F0A12A0FCAF227E00EF640D70089005BC
:104F0300C3F0A304F022EF640E4E60030250917BC2
:104F1300FF7A5B795674FFF535F536E4F537F538E6
:104F2300753918F53A7D307F0A12A0FC12808490FF
:104F330005C57403F0A374E8F022E522640D7045FF
:104F43007BFF7A5A798774FFF535F536E4F537F543
:104F530038753910F53A7D307F0A12A0FC7BFF7A51
:104F63005A798774FFF535F536E4F537F538753931
:104F730010F53A7D487F0A12A0FCE49005C3F0A324
:104F830004F0025016E522640E60030250167BFF04
:104F93007A5A798774FFF535F536E4F537F53875C0
:104FA3003910F53A7D307F0A12A0FC7BFF7A5A79DB
:104FB3008774FFF535F536E4F537F538753910F5AF
:104FC3003A7D487F0A12A0FC7BFF7A5B795674FF17
:104FD300F535F536E4F537F538753918F53A7D309A
:104FE3007F0A12A0FC9005D3E0FF7E0064017008E5
:104FF300A3E0900001F0800EEF64024E700890056C
:10500300D4E0900000F012A06A9005C57403F0A3E9
:1050130074E8F0AF22EF640B6005EF640C706F90DF
:1050230005D4E0700404F08005E49005D4F07BFF20
:105033007A5879F374FFF535F536E4F537F53875B5
:105043003918F53A7D307F0A12A0FC7BFF7A587934
:10505300F374FFF535F536E4F537F538753918F59A
:105063003A7D487F0A12A0FC9005D4E075F014A4A1
:105073002430FD7BFF7A5A79C274FFF535F536E4A7
:0E508300F537F538753910F53A7F0A12A0FCA2
:0150910022FC
:106073009005D0E06401600302615CF07BFF7A5C11
:10608300791574FFF535F536E4F537F538753918B4
:10609300F53AFD7F2812A0FC9004DBE0F518E51823
:1060A300701D7BFF7A5C791D74FFF535F536E4F5D9
:1060B30037F538753910F53A7D2C7F0A02A0FC7B41
:1060C300FF7A5C792974FFF535F536E4F537F53851
:1060D300753910F53A7D187F0A12A0FC7BFF7A5CB4
:1060E300793874FFF535F536E4F537F53875391039
:1060F300F53A7D2C7F0A12A0FC7BFF7A5A79F17462
:10610300FFF535F536E4F537F538753910F53A7D91
:10611300407F0A12A0FC7BFF7A5C794774FFF53558
:10612300F536E4F537F538753910F53A7D547F0ABD
:1061330012A0FC7BFF7A5C795474FFF535F536E4E5
:10614300F537F538753910F53A7D687F0A12A0FCEA
:106153007519019005D57401F09005D5E07003021F
:1061630063BFE4F0AF1912A2958F22E51975F00A07
:106173008424309005DAF0E51975F00A84E5F024FB
:1061830030A3F0A3742FF0E51875F00A842430A32C
:10619300F0E51875F00A84E5F02430A3F0E4A3F0E9
:1061A3007B017A0579DA74FFF535F536E4F537F5D1
:1061B30038753910F53A7D187F3A12A0FC75F0094D
:1061C300E522A4242FF582E5F03401F583E0900560
:1061D300DA70117449F0A37444F0A3743AF0A37411
:1061E3002DF080307449F0A37444F0A3743AF07531
:1061F300F009E522A4242FF582E5F03401F583E0CC
:10620300FD75F00A8424309005DDF0ED75F00A8405
:10621300E5F02430A3F0E4A3F07B017A0579DA7486
:10622300FFF535F536E4F537F538753910F53A7D70
:106233002C7F3A12A0FC75F009E522A42436F582DE
:10624300E5F03401F583E070087BFF7A5C796180C7
:106253003875F009E522A42436F582E5F03401F51A
:1062630083E0640170087BFF7A5C796E801B75F0B4
:1062730009E522A42436F582E5F03401F583E064D0
:1062830002701D7BFF7A5C797B74FFF535F536E48C
:10629300F537F538753910F53A7D407F3A12A0FC91
:1062A30075F009E522A42430F582E5F03401F58385
:1062B300E0FDC4540F24309005DAF0ED540F243080
:1062C300A3F0A3742FF075F009E522A42431F5821D
:1062D300E5F03401F583E0FDC4540F24309005DD6F
:1062E300F0ED540F2430A3F0A3742FF075F009E5FB
:1062F30022A42432F582E5F03401F583E0FDC45491
:106303000F24309005E0F0ED540F2430A3F0E4A304
:10631300F07B017A0579DA74FFF535F536E4F53764
:10632300F538753910F53A7D547F3A12A0FC75F0B3
:1063330009E522A42433F582E5F03401F583E0FD79
:10634300C4540F24309005DAF0ED540F2430A3F039
:10635300A3743AF075F009E522A42434F582E5F03C
:106363003401F583E0FDC4540F24309005DDF0EDD6
:10637300540F2430A3F0A3743AF075F009E522A476
:106383002435F582E5F03401F583E0FDC4540F2490
:10639300309005E0F0ED540F2430A3F0E4A3F07B3C
:1063A300017A0579DA74FFF535F536E4F537F53812
:1063B300753910F53A7D687F3A12A0FC12A7F39065
:1063C30005D1EFF0F46071A374FFF09005D1E024E0
:1063D300F5601024FD60142407702C9005D2740B13
:1063E300F080249005D2740CF0801C752C00752D60
:1063F30080E4F52EF52F7BA0FAFDFCFFFE129C82B4
:106403007D027F0412A6D79005D2E0640B700F15AE
:1064130019E51970038518199005D57401F09005D5
:10642300D2E0640C70120519E519D3951840037571
:0864330019019005D57401F078
:01643B00223E
:04A0B4008F238D2445
:10A0B80012A02085232690069BA3E0F52790069AF8
:10A0C800E0F528900699E0F529900698E0F52A90A1
:10A0D8000697E0F52B900696E0F52C85242D782E32
:10A0E8007C007D007B007A0079257E007F0912655F
:04A0F8000C028720AF
:109234007C047DA97B327A00E4FFFE1296BA7C009E
:109244007D027B2C7A017F327E001296BA7C007DEF
:10925400007B027A007F5E7E011296BA7C047DDB7D
:109264007B027A007F607E011296BA7C017D2E7BA0
:109274007B7A037F627E011296BA129A20EF704DB8
:109284001280847C047DA97B327A00E4FFFE12966E
:10929400BA7C007D027B2C7A017F327E001296BA62
:1092A4007C007D007B027A007F5E7E011296BA7C90
:1092B400047DDB7B027A007F607E011296BA7C011A
:0E92C4007D2E7B7B7A037F627E011296BA229A
:109A2000E49005ECF09005ECE0FFC394057480949D
:109A3000805023EF75F00AA424A9F582E43404F5DC
:109A400083E0D394017480948040037F00229005CA
:109A5000ECE004F080CFE49005ECF09005ECE0FF42
:109A6000C3943274809480502475F006EFA42402CD
:109A7000F582E5F03400F583E0D39401748094809E
:0F9A800040037F00229005ECE004F080CE7F01D0
:019A8F0022B4
:10808400E49005ECF09005ECE0C3940574809480D2
:10809400400302811AE0FF75F00AA424A9F582E4E2
:1080A4003404F583E4F0EF75F00AA424AAF582E41D
:1080B4003404F58374FFF0E49005EDF09005EDE0F1
:1080C400C39404748094805044E0FF9005ECE0FE77
:1080D40075F00AA424ABF582E43404F583E5822F19
:1080E400F582E43583F58374FFF0EE75F00AA42479
:1080F400AFF582E43404F583E5822FF582E4358319
:10810400F58374FFF09005EDE004F080AF9005EC8A
:10811400E004F0028089E49005ECF09005ECE0C303
:108124009432748094805066E0FF75F006A42402B3
:10813400F582E5F03400F583E4F075F006EFA4244D
:1081440003F582E5F03400F58374FFF0E49005ED67
:10815400F09005EDE0FFC394047480948050279060
:1081640005ECE075F006A42404F582E5F03400F58E
:1081740083E5822FF582E43583F58374FFF090055F
:10818400EDE004F080CB9005ECE004F0808DE49009
:1081940004DBF0A3F0900000F0A3F07C047DA97B45
:1081A40032FAFFFE127D437C007D027B2C7A017F34
:1081B400327E00127D437C007D007B027A007F5E6C
:1081C4007E01127D437C047DDB7B027A007F607E2E
:1081D40001127D437C017D2E7B7B7A037F627E01CD
:0381E400027D43D6
:1085D600E49005FDF09005FDE0FFC39405748094DA
:1085E600804003028676EF75F00AA424A9F582E49A
:1085F6003404F583E06401706E126532FF9005FD68
:10860600E0FE75F00AA424AFF582E43404F583E0B5
:108616006F705490000112654BFFEE75F00AA424AA
:10862600B0F582E43404F583E06F703B90000212EB
:10863600654BFF9005FDE075F00AA424B1F582E4D0
:108646003404F583E0B5071F90000312654BFFEE77
:1086560075F00AA424B2F582E43404F583E0B50784
:10866600069005FDE0FF229005FDE004F00285DBA3
:10867600E49005FDF09005FDE0FFC394327480940C
:1086860080400302871D75F006EFA42402F582E5FB
:10869600F03400F583E064017074126532FF9005D2
:1086A600FDE0FE75F006A42404F582E5F03400F53D
:1086B60083E06F705990000112654BFF75F006EE6E
:1086C600A42405F582E5F03400F583E06F703F9051
:1086D600000212654BFF9005FDE075F006A4240626
:1086E600F582E5F03400F583E0B507229000031229
:1086F600654BFF75F006EEA42407F582E5F034001D
:10870600F583E0B507089005FDE02405FF229005F6
:09871600FDE004F002867B7FFF08
:01871F002237
:108E2500E49005F1F09005F0F09005F0E0FFC394B3
:108E350005748094804003028ECFEF75F00AA42458
:108E4500A9F582E43404F583E06401706E1265329D
:108E5500FF9005F0E0FE75F00AA424ABF582E4343A
:108E650004F583E06F705A90000112654BFFEE75B3
:108E7500F00AA424ACF582E43404F583E06F704174
:108E850090000212654BFF9005F0E075F00AA424EE
:108E9500ADF582E43404F583E0B5072590000312AF
:108EA500654BFFEE75F00AA424AEF582E43404F5B3
:108EB50083E0B5070C9005F0E0FF229005F1E00492
:108EC500F09005F0E004F0028E2E9005F1E06405C7
:078ED50070037FFE227FFF06
:018EDC002273
:1095A300E49005F1F09005F0F09005F0E0FEC3942F
:1095B3000574809480502EEE75F00AA424A9F582D8
:1095C300E43404F583E0640170069005F1E004F0EF
:1095D3009005F1E0B507069005F0E0FF229005F055
:1095E300E004F080C4E49005F0F09005F0E0FEC3E1
:1095F300943274809480503175F006EEA42402F501
:1096030082E5F03400F583E0640170069005F1E033
:1096130004F09005F1E0B507089005F0E02405FF9C
:0B962300229005F0E004F080C17FFF02
:01962E002219
:1081E700E49005F1F09005F0F09005F0E0FFC394FE
:1081F7000574809480400302828EEF75F00AA424F0
:10820700A9F582E43404F583E0640170719005F107
:10821700E004F0126532FF9005F0E0FE75F00AA465
:1082270024AFF582E43404F583E06F7051900001C8
:1082370012654BFFEE75F00AA424B0F582E434040E
:10824700F583E06F703890000212654BFF9005F0E0
:10825700E075F00AA424B1F582E43404F583E0B5AF
:10826700071C90000312654BFFEE75F00AA424B2B9
:10827700F582E43404F583E0B5070302832A900509
:10828700F0E004F00281F0E49005F0F09005F0E0F2
:10829700FFC3943274809480400302833975F006DB
:1082A700EFA42402F582E5F03400F583E064017061
:1082B700789005F1E004F0126532FF9005F0E0FEDA
:1082C70075F006A42404F582E5F03400F583E06F29
:1082D700705790000112654BFF75F006EEA4240558
:1082E700F582E5F03400F583E06F703D90000212EF
:1082F700654BFF9005F0E075F006A42406F582E5CE
:10830700F03400F583E0B5072090000312654BFFBA
:1083170075F006EEA42407F582E5F03400F583E056
:10832700B507069005F1E0FF229005F0E004F002A2
:0483370082937FFFAF
:01833B00221F
:10892B00E49005FEF074FF126578EF146053147039
:10893B00030289D024026003028A12E49005FDF041
:10894B009005FDE0FFC39405748094804003028A78
:10895B0012EF75F00AA424A9F582E43404F583E040
:10896B00640170089005FEE004F0800D126532F48E
:10897B0070079005FDE01265789005FDE004F0802E
:10898B00BFE49005FDF09005FDE0FFC394327480C9
:10899B009480507375F006EFA42402F582E5F03451
:1089AB0000F583E0640170089005FEE004F0800D93
:1089BB00126532F470079005FDE01265789005FDA5
:1089CB00E004F080C1E49005FDF09005FDE0FFC3ED
:1089DB00946374809480502F75F009EFA4242EF5C6
:1089EB0082E5F03401F583E060089005FEE004F0C9
:1089FB00800D126532F470079005FDE012657890DA
:0C8A0B0005FDE004F080C39005FEE0FFD4
:018A1700223C
:1093F900EF75F00AA424A9F582E43404F583740115
:10940900F0EF04FEEF75F00AA424AAF582E434040F
:10941900F583EEF0E49005FDF09005FDE0C39404BA
:1094290074809480504DE0FE2426F8E6FDEF75F037
:109439000AA424ABF582E43404F583E5822EF5828F
:10944900E43583F583EDF09005FDE0FE242AF8E686
:10945900FDEF75F00AA424AFF582E43404F583E541
:10946900822EF582E43583F583EDF09005FDE00465
:10947900F080A67C047DA97B327A00E4FFFE027DA0
:01948900439F
:10993C0075F006EFA42402F582E5F03400F583748B
:10994C0001F0EF2406FE75F006EFA42403F582E582
:10995C00F03400F583EEF0E49005FDF09005FDE0A9
:10996C00FEC3940474809480502974262EF8E6FD6E
:10997C0075F006EFA42404F582E5F03400F583E5D8
:10998C00822EF582E43583F583EDF09005FDE0043D
:10999C00F080C97C007D027B2C7A017F327E000234
:0299AC007D43F9
:108720009004DBE0FFC3946374809480500F900545
:10873000F1EFF09004DB04F0E4A3F080139004DC8C
:10874000E09005F1F09004DC04F0E064637001F067
:108750009005F1E0FF75F009A4242EF582E5F034D0
:1087600001F5837401F075F009EFA4242FF582E57B
:10877000F03401F583E52FF075F009EFA42430F50E
:1087800082E5F03401F583E530F075F009EFA424BB
:1087900031F582E5F03401F583E531F075F009EF4C
:1087A000A42432F582E5F03401F583E532F075F06A
:1087B00009EFA42433F582E5F03401F583E533F0C5
:1087C00075F009EFA42434F582E5F03401F583E572
:1087D00034F075F009EFA42435F582E5F03401F5A5
:1087E00083E535F075F009EFA42436F582E5F03421
:1087F00001F583E536F07C047DDB7B027A007F6047
:108800007E01127D439005F1E0FD75F009A424621C
:10881000FFE5F03401FE75F009EDA4242EF582E5A4
:0D882000F03401AD82FC7B097A00027D433B
:10A29500EF6009D394637480948040037FFF22901C
:10A2A50004DBE0FEC39463748094805004C3EE80A5
:10A2B500139004DCE0FEC39F4003EE80079004DCAE
:0EA2C500E02463C39F9005ECF09005ECE0FFF1
:01A2D3002268
:10A06A007C047DA97B327A00E4FFFE127D437C00EA
:10A07A007D027B2C7A017F327E00127D437C007D3B
:10A08A00007B027A007F5E7E01127D437C047DDBC9
:10A09A007B027A007F607E01127D437C017D2E7BEC
:0AA0AA007B7A037F627E01027D4392
:109B5A00E49006A9F09006A9E0C394027480948068
:109B6A005051E0FF75F008A4245AF582E43406F552
:109B7A0083E4F0A3F0A3F0EF75F008A4245DF58266
:109B8A00E43406F583E4F0EF75F008A4245EF58268
:109B9A00E43406F583E4F0A3F0EF75F008A424603A
:109BAA00F582E43406F583E4F0A3F09006A9E00414
:039BBA00F080A296
:019BBD002285
:1099AE008B088A09890AED75F008A4245AF582E419
:1099BE003406F583E0FBA3E0FAA3E0F9EA494B7025
:1099CE0050ED75F008A4245AF582E43406F583E5CB
:1099DE0008F0A3E509F0A3E50AF0ED75F008A4245C
:1099EE005DF582E43406F583E4F0ED75F008A42409
:1099FE005EF582E43406F583E50CF0A3E50DF0ED9B
:109A0E0075F008A42460F582E43406F583E4F0A32F
:029A1E00F02234
:108F9300E49006AAF09006AAE0FFC39402748094BA
:108FA300804003029040EF75F008A4245AF582E450
:108FB3003406F583E0FBA3E0FAA3E0F9EA494B604A
:108FC300739006AAE075F008A42460F582E43406E1
:108FD300F583E475F001126601EF75F008A4245ED1
:108FE300F582E43406F583E0FEA3E024FFFFEE34CC
:108FF300FFFE9006AAE075F008A42460F582E4342D
:1090030006F583E0FCA3E0D39FEC9E40279006AADD
:10901300E0FF75F008A42460F582E43406F583E4E8
:10902300F0A3F0EF75F008A4245DF582E43406F5AF
:0D903300837401F09006AAE004F0028F980B
:01904000220D
:109DF100E49006ABF09006ABE0FFC394027480944C
:109E01008050EDEF75F008A4245DF582E43406F589
:109E110083E06401702A9006ABE075F008A4245D2C
:109E2100F582E43406F583E4F0EF75F008A4245AD2
:109E3100F582E43406F583A3E0FAA3E0F912677F23
:089E41009006ABE004F080ADD7
:1095230002A39DE493A3F8E493A34003F68001F21E
:1095330008DFF48029E493A3F85407240CC8C33349
:10954300C4540F4420C8834004F456800146F6DF18
:10955300E4800B0102040810204080909A90E47E7E
:10956300019360BCA3FF543F30E509541FFEE4930D
:10957300A360010ECF54C025E060A840B8E493A3D4
:10958300FAE493A3F8E493A3C8C582C8CAC583CAFF
:10959300F0A3C8C582C8CAC583CADFE9DEE780BEB7
:019AF4000071
:10643C00E709F608DFFA8046E709F208DFFA803E42
:10644C0088828C83E709F0A3DFFA8032E309F6082F
:10645C00DFFA8078E309F208DFFA807088828C8397
:10646C00E309F0A3DFFA806489828A83E0A3F6084B
:10647C00DFFA805889828A83E0A3F208DFFA804C25
:10648C0080D280FA80C680D4806980F280338010FC
:10649C0080A680EA809A80A880DA80E280CA803365
:1064AC0089828A83ECFAE493A3C8C582C8CCC583DD
:1064BC00CCF0A3C8C582C8CCC583CCDFE9DEE780AD
:1064CC000D89828A83E493A3F608DFF9ECFAA9F02C
:1064DC00EDFB2289828A83ECFAE0A3C8C582C8CC82
:1064EC00C583CCF0A3C8C582C8CCC583CCDFEADE9B
:1064FC00E880DB89828A83E493A3F208DFF980CCFD
:10650C0088F0EF60010E4E60C388F0ED2402B404F5
:10651C000050B9F582EB2402B4040050AF2323459C
:06652C00822390648C73D1
:10653200BB010689828A83E0225002E722BBFE0267
:09654200E32289828A83E493229A
:10654B00BB010CE58229F582E5833AF583E0225005
:10655B0006E92582F8E622BBFE06E92582F8E2224F
:0D656B00E58229F582E5833AF583E4932269
:10657800BB010689828A83F0225002F722BBFE0102
:02658800F322FC
:10658A00F8BB010DE58229F582E5833AF583E8F047
:10659A00225006E92582C8F622BBFE05E92582C8F3
:0265AA00F222DB
:1065AC00BC000BBE0029EF8DF084FFADF022E4CCD3
:1065BC00F875F008EF2FFFEE33FEEC33FCEE9DEC9C
:1065CC00984005FCEE9DFE0FD5F0E9E4CEFD22EDE2
:1065DC00F8F5F0EE8420D21CFEADF075F008EF2F2C
:1065EC00FFED33FD4007985006D5F0F222C398FD1D
:0565FC000FD5F0EA22BA
:10660100C5F0F8A3E028F0C5F0F8E5821582700224
:066611001583E038F022C1
:10661700BB010A89828A83E0F5F0A3E0225006874E
:10662700F009E71922BBFE07E3F5F009E319228910
:0B663700828A83E493F5F07401932243
:1066420075F008758200EF2FFFEE33FECD33CDCC0F
:1066520033CCC58233C5829BED9AEC99E582984092
:106662000CF582EE9BFEED9AFDEC99FC0FD5F0D66F
:10667200E4CEFBE4CDFAE4CCF9A88222B800C1B999
:106682000059BA002DEC8BF084CFCECDFCE5F0CBD7
:10669200F97818EF2FFFEE33FEED33FDEC33FCEB10
:1066A20033FB10D703994004EB99FB0FD8E5E4F9CB
:1066B200FA227818EF2FFFEE33FEED33FDEC33FCB8
:1066C200C933C910D7059BE99A4007EC9BFCE99AAC
:1066D200F90FD8E0E4C9FAE4CCFB2275F010EF2FF1
:1066E200FFEE33FEED33FDCC33CCC833C810D707F1
:1066F2009BEC9AE899400AED9BFDEC9AFCE899F82C
:0E6702000FD5F0DAE4CDFBE4CCFAE4C8F922BE
:10671000E8600FECC313FCED13FDEE13FEEF13FF67
:03672000D8F1228B
:10672300E8600FEFC333FFEE33FEED33FDEC33FCD4
:03673300D8F12278
:0C673600ECF0A3EDF0A3EEF0A3EFF022D6
:10674200A8828583F0D083D08212675912675912CA
:106752006759126759E473E493A3C583C5F0C583EF
:10676200C8C582C8F0A3C583C5F0C583C8C582C8A1
:016772002204
:0C677300A42582F582E5F03583F5832231
:06677F008A838982E473A5
:106B6300E5312425F8E6053122782230070278251D
:106B7300E475F0011267B10265322000EB7F2ED27B
:106B8300008018EF540F2490D43440D4FF30040B0A
:106B9300EF24BFB41A0050032461FFE532600215ED
:106BA300320535E5357002053430070D7822E4757A
:106BB300F0011267B1EF02657802A4137403D207E0
:106BC3008003E4C207F5318B228A238924E4F5325A
:106BD300F534F535E53260077F20126B9E80F5753D
:106BE30033FFC201C200C202C203C205C206C20809
:106BF300126B6CFF700D3007057F00126BAFAF3562
:106C0300AE3422B4255FC2D5C204126B6CFF24D00C
:106C1300B40A00501A75F00A783230D50508B6FF69
:106C23000106C6A426F620D5047002D20380D92417
:106C3300CFB41A00EF5004C2E5D204026DAFD20103
:106C430080C6D20080C0D20280BCD2D580BAD20521
:106C530080B47F20126B9E2002077401B53200407E
:106C6300F1126B63FF126B9E026BD7D208D20680C0
:106C730095126B63FB126B63FA126B63F94A4B70E9
:106C83000679807A6E7BFF20022EE532602A7E0031
:106C93008E8275830012654B60060EEE653370F0CD
:106CA300C2D5EBC0E0EAC0E0E9C0E0EE126DF6D079
:106CB300E0F9D0E0FAD0E0FB126532FF60AAEBC046
:106CC300E0EAC0E0E9C0E0126B9ED0E02401F9D015
:106CD300E03400FAD0E0FBE5330460DCD533D9803F
:106CE300877BFF7A6D79F2D202809C7910800279DA
:106CF30008C206C2088008D2D5790A8004790AC27C
:106D0300D5E533047002F533E4FAFDFEFF126B633D
:106D1300FC7B08200113126B63FD7B1030000A1209
:106D23006B63FE126B63FF7B20EC3382D592D550ED
:106D330013C3E43000069FFFE49EFEE42001039D9D
:106D4300FDE49CFCE4CBF8C201EC700CCFCECDCCBF
:106D5300E824F8F870F38017C3EF33FFEE33FEED4A
:106D630033FDEC33FCEB33FB994002FB0FD8E9EB2B
:106D7300300105F8D0E0C448B201C0E00AEC4D4E42
:106D83004F78207B0070C2EAB5330040BCC0E012EC
:106D93006DF8D0F0D0E0200104C4C0E0C4B201C05B
:106DA300F0126B87D0F0D5F0EB026BD71267C16C92
:106DB30074536CEE586C454C6C41426CF24F6CFA58
:0F6DC300446CFA496C5A436D00556CE4466CE41D
:106DD200456CE4476EA0506C492D6C4D2E6C702BA7
:106DE2006C51236C6E206E892A6C094800006C6815
:106DF2003F3F3F00790AA2D5200314300509B9109C
:106E0200020404B9080104A2D5200602500104209C
:106E120002689202B532005034C0E07F203003197C
:106E22007F30A20272067205500F126E4FC202C26A
:106E320006C205C2087F30800F300503E9C0E012A8
:106E42006B9E300503D0E0F9D0E0B532CC300517A7
:106E52007F30B9100C126B9E7F583004077F788008
:106E620003B90803126B9E3002057F2D026B9E7FD1
:106E7200202008F87F2B2006F322920280CF286E72
:106E8200756C6C2900D201126B633001F8C2017873
:106E92003230D50108F6026C092D50434958126B65
:106EA200632403B405004001E4906E9B93126B8F40
:0D6EB200743A126B8FD203753204026CEE3D
:10678500EF4E6012EF60010EEDBB010B89828A832B
:10679500F0A3DFFCDEFA2289F05007F709DFFCA938
:0C67A500F022BBFEFCF309DFFCA9F0228F
:1067B100FAE6FB0808E6F925F0F618E6CA3AF622E9
:1067C100D083D082F8E4937012740193700DA3A367
:1067D10093F8740193F5828883E47374029368607B
:0667E100EFA3A3A380DF7B
:10A41300EFB40A07740D12A41E740A309811A89998
:10A42300B8130CC2983098FDA899C298B811F630A9
:07A4330099FDC299F5992281
:00000001FF
